country_code,wc_share_M,wc_share_F,wcs_share_M,wcs_share_F,sales_share_M,sales_share_F,wc_avg_exp,bc_avg_exp,wcs_avg_exp,bcs_avg_exp,wc_gap,wc_exposure_spread,predicted_wc,wcs_gap,wcs_exposure_spread,predicted_wcs,country_name,gender_gap,residual_wc,residual_wcs
AFG,0.09858422482779872,0.033324061791261926,0.22173898703379666,0.04054041203683893,0.1231547622059979,0.007216350245576999,0.36211779578034037,0.1727982582050594,0.3623217762601311,0.1495838996084604,-0.06526016303653678,0.18931953757528097,-0.012355023888164588,-0.18119857499695774,0.2127378766516707,-0.0385478000971613,Afghanistan,-0.0529,-0.04054497611183541,-0.014352199902838703
AGO,0.13045729099313985,0.06138579255308867,0.21016616259732035,0.3579040786976305,0.07970887160418053,0.29651828614454184,0.37219785975210384,0.19217471894677404,0.3657390272114801,0.1461567408828307,-0.06907149844005118,0.1800231408053298,-0.012434468089308452,0.14773791610031017,0.2195822863286494,0.03244062939473629,Angola,0.021,0.03343446808930845,-0.01144062939473629
ALB,0.2035268576977753,0.26783555415385424,0.27613533186731765,0.38087893242923604,0.07260847416954233,0.11304337827538175,0.38039026178994895,0.1910486412356342,0.37535845219222724,0.16775843350426145,0.06430869645607895,0.18934162055431475,0.012176312802729506,0.10474360056191839,0.2076000186879658,0.02174477343409908,Albania,0.0169999999999999,0.004823687197270395,-0.004744773434099181
ARE,0.402836445931558,0.5407817208244033,0.4619789038920594,0.5697278485481385,0.05914245796050141,0.02894612772373519,0.4134646176972946,0.17702118439182868,0.4080600059858841,0.15811601263365566,0.13794527489284536,0.2364434333054659,0.03261625440393064,0.1077489446560791,0.24994399335222844,0.026931201506828664,United Arab Emirates,0.0195,-0.013116254403930643,-0.007431201506828664
ARG,0.3319376164773877,0.4404382905176865,0.45777103657710255,0.6149200738047471,0.12583342009971493,0.17448178328706065,0.43041195058782755,0.20983941050593996,0.4114319983495236,0.1621796036488297,0.10850067404029884,0.2205725400818876,0.023932269273665638,0.15714903722764456,0.2492523947006939,0.0391697738538989,Argentina,0.0359999999999999,0.012067730726334262,-0.003169773853899001
AUS,0.5017371049974723,0.6710555592348725,0.5457788808624544,0.7518793563596605,0.04404177586498201,0.0808237971247881,0.4071422816623271,0.2023421486612616,0.4028716810089468,0.17454311658667765,0.16931845423740022,0.20480013300106548,0.034676441947354385,0.20610047549720611,0.22832856442226918,0.04705862569702414,Australia,0.0534,0.01872355805264562,0.0063413743029758635
AUT,0.5100508233191142,0.602540935388354,0.5505407317930453,0.7059224799213898,0.040489908473930955,0.10338154453303589,0.4128921591308881,0.2045806748932202,0.40721468329855504,0.1748205341754976,0.09249011206923974,0.2083114842376679,0.019266752522451573,0.1553817481283445,0.23239414912305745,0.036109809145539844,Austria,0.0428999999999999,0.023633247477548323,0.006790190854460053
BDI,0.04000067222676935,0.02280324545975161,0.0779333387232597,0.051457484214959257,0.03793266649649034,0.028654238755207645,0.3672784660026207,0.13689018256938734,0.3648203412392741,0.12899787830847828,-0.017197426767017736,0.23038828343323337,-0.003962085632321957,-0.02647585450830045,0.2358224629307958,-0.006243601218344826,Burundi,-0.0097999999999999,-0.005837914367677944,-0.0035563987816550745
BEL,0.541976899197345,0.6557395982997266,0.5822852827937242,0.725386377066386,0.04030838359637919,0.06964677876665927,0.4093937895860463,0.19479320040326384,0.405487839351717,0.1686187417934248,0.11376269910238157,0.21460058918278244,0.02441354225439468,0.14310109427266182,0.23686909755829222,0.0338962270599695,Belgium,0.0275,0.0030864577456053213,-0.0063962270599695024
BEN,0.08137306786167545,0.03078208352735863,0.1431028653423785,0.3865242178952419,0.06172979748070308,0.3557421343678833,0.38677072388807815,0.21766821977911635,0.36755121294788723,0.1750426934740807,-0.050590984334316816,0.1691025041089618,-0.008555062136270232,0.24342135255286337,0.19250851947380654,0.046860684188263224,Benin,0.0501999999999999,0.05875506213627013,0.0033393158117366734
BFA,0.14310759847741938,0.10994818008702939,0.2367964184271861,0.2980525813105272,0.09368881994976672,0.18810440122349778,0.35866113655255333,0.17404665805261152,0.3606689783024527,0.1379267600084358,-0.033159418390389994,0.1846144784999418,-0.006121708733503229,0.0612561628833411,0.2227422182940169,0.013644333604815019,Burkina Faso,0.0116999999999999,0.01782170873350313,-0.0019443336048151193
BGD,0.11735637397779208,0.05125415077167298,0.29665419031231854,0.06831137381206712,0.1792978163345265,0.017057223040394125,0.3926941084153766,0.19956407768612358,0.3755469327358436,0.17328775477186656,-0.06610222320611911,0.19313003072925303,-0.012766324399069726,-0.22834281650025143,0.20225917796397705,-0.04618443035932011,Bangladesh,-0.0385,-0.025733675600930275,0.007684430359320107
BGR,0.3248388012125057,0.4993628381042419,0.3767190408567584,0.6455884072114385,0.05188023964425272,0.14622556910719645,0.4145866396842137,0.20755184061766002,0.4046250796467897,0.17710035643306052,0.17452403689173623,0.2070347990665537,0.036132548910164417,0.2688693663546801,0.22752472321372916,0.06117442816049934,Bulgaria,0.067,0.030867451089835587,0.005825571839500665
BHS,0.26368367252114117,0.4856125927411269,0.3049159000092928,0.6380890314818528,0.041232227488151654,0.15247643874072586,0.4197659903615352,0.20128732147573147,0.40815390563230697,0.17279408648149616,0.22192892021998573,0.21847866888580375,0.04848673507692622,0.33317313147256,0.2353598191508108,0.07841556796929103,Bahamas,0.0951,0.046613264923073786,0.016684432030708976
BIH,0.27036558012320366,0.40483673985835994,0.3247191316884742,0.570601805158749,0.0543535515652705,0.16576506530038912,0.4040655602714403,0.19430442906665096,0.39433282649470525,0.16503530360573174,0.13447115973515628,0.20976113120478934,0.0282068225804663,0.24588267347027482,0.2292975228889735,0.05638028794805234,Bosnia and Herzegovina,0.0448999999999999,0.0166931774195336,-0.01148028794805244
BLR,0.3198848878157901,0.595646002352152,0.34141740941091847,0.7004231976150119,0.02153252159512839,0.1047771952628598,0.38199480808623987,0.19729542047616697,0.3796232607225847,0.17527672732331964,0.27576111453636193,0.1846993876100729,0.05093290898153722,0.35900578820409346,0.20434653339926503,0.07336158828977725,Belarus,0.0746999999999999,0.023767091018462687,0.0013384117102226561
BLZ,0.16009178360250637,0.2660501881583177,0.24184758626776096,0.462169777424784,0.0817558026652546,0.19611958926646622,0.4255793765205588,0.19629063015468676,0.4015477220312481,0.16570769333153532,0.10595840455581135,0.22928874636587207,0.02429506974752989,0.22032219115702303,0.2358400286997128,0.05196079188565592,Belize,0.0653999999999999,0.041104930252470015,0.01343920811434398
BOL,0.1826675443957503,0.18007022575810086,0.2691707199903921,0.3987986907644748,0.0865031755946418,0.21872846500637397,0.3815310225017707,0.21017254935447485,0.37292879303696175,0.1760584891688797,-0.0025973186376494484,0.17135847314729583,-0.000445072556024624,0.12962797077408267,0.19687030386808205,0.025519897996096514,Bolivia (Plurinational State of),0.0302999999999999,0.030745072556024523,0.004780102003903386
BRA,0.2733373858418957,0.4199816178071135,0.3694922424332525,0.5742473929346901,0.09615485659135682,0.15426577512757653,0.41817159458331926,0.20359999693988515,0.40343088074157224,0.16754078924651863,0.1466442319652178,0.21457159764343411,0.031465687137971134,0.20475515050143756,0.2358900914950536,0.04829971118586757,Brazil,0.0455,0.014034312862028865,-0.0027997111858675747
BRB,0.3155778378563363,0.5291208791208792,0.3746791690907225,0.6497252747252749,0.05910133123438623,0.12060439560439562,0.3973421677111059,0.20664693707846035,0.3912460636972301,0.17864426926134838,0.21354304126454293,0.19069523063264557,0.04072163950393856,0.27504610563455234,0.2126017944358817,0.0584752956105069,Barbados,0.0783,0.03757836049606143,0.019824704389493096
BRN,0.42099008124855186,0.6122095981007293,0.4733270048659437,0.7343394946583011,0.05233692361739183,0.12212989655757166,0.4097695763723252,0.19988066370097773,0.40320833911282744,0.16700451239823474,0.19121951685217742,0.20988891267134746,0.04013485647364392,0.26101248979235736,0.2362038267145927,0.061652148909258374,Brunei Darussalam,0.0731,0.03296514352635608,0.011447851090741624
BTN,0.2859666181967403,0.27893419839602956,0.30786729350473246,0.3213555421544774,0.021900675307992185,0.04242134375844788,0.38128427740077825,0.18657704196271094,0.3794886161329198,0.17880982186227462,-0.007032419800710732,0.1947072354380673,-0.0013692630178363109,0.01348824864974496,0.20067879427064517,0.0027068054758534765,Bhutan,0.0116,0.01296926301783631,0.008893194524146523
BWA,0.20424960240685444,0.28738626924488575,0.24239135852253935,0.411070276430931,0.03814175611568488,0.12368400718604518,0.39597224571590517,0.17348513995349302,0.38780046996113493,0.15125678155322425,0.08313666683803131,0.22248710576241215,0.018496836387527495,0.16867891790839168,0.23654368840791068,0.03989993339870614,Botswana,0.0521,0.03360316361247251,0.012200066601293857
CHE,0.6167083295074234,0.694130873499568,0.6369780007535722,0.7505570907893576,0.020269671246149024,0.05642621728978966,0.4085415108571942,0.19582958097501502,0.40605754849731723,0.17572395712735325,0.07742254399214465,0.21271192988217918,0.016468698748957008,0.11357909003578537,0.23033359136996398,0.026161079712474933,Switzerland,0.0228999999999999,0.006431301251042892,-0.003261079712475034
CHL,0.3416324926641309,0.4475331057530142,0.41627388145355687,0.614681571540171,0.07464138878942585,0.16714846578715659,0.40063916217592127,0.20166117360484337,0.39199181420902146,0.16520946829447392,0.10590061308888327,0.1989779885710779,0.021071890980869958,0.19840769008661413,0.22678234591454755,0.04499536140532887,Chile,0.0373999999999999,0.01632810901912994,-0.007595361405328974
CIV,0.10398363322819681,0.044324343334133126,0.2174121720952308,0.46608457712289403,0.11342853886703401,0.4217602337887609,0.3691415804168956,0.2282574389138589,0.3641834961510163,0.180984554897382,-0.05965928989406369,0.1408841415030367,-0.008405047839405955,0.24867240502766322,0.1831989412536343,0.04555652132006283,Côte d'Ivoire,0.0468,0.055205047839405955,0.0012434786799371683
COD,0.14169689689464407,0.0716622142603352,0.1964423702885696,0.1685044998208709,0.0547454733939255,0.09684228556053576,0.3602188514327667,0.17722652629588226,0.3611567779922304,0.16017055231764454,-0.07003468263430887,0.18299232513688446,-0.012815809415475965,-0.02793787046769869,0.20098622567458585,-0.005615127138688236,"Congo, Democratic Republic of the",-0.0063,0.006515809415475965,-0.0006848728613117637
COK,0.32604323780794375,0.5666833166833166,0.36249371543489195,0.7267732267732268,0.03645047762694822,0.16008991008991008,0.3923516262862888,0.2088832765985364,0.387123600827059,0.17777203089032964,0.24064007887537286,0.18346834968775239,0.04414983813999523,0.3642795113383348,0.20935156993672935,0.076262487594465,Cook Islands,0.0949,0.05075016186000477,0.018637512405535003
COL,0.25580122582517567,0.35682041722812285,0.3343883691576162,0.5197930134456346,0.07858714333244056,0.16297259621751173,0.42033371002377545,0.19591152618833668,0.4043595444806004,0.16371145968370465,0.10101919140294718,0.22442218383543877,0.022670947543939588,0.18540464428801834,0.24064808479689576,0.04461727256036133,Colombia,0.0507999999999999,0.028129052456060313,0.006182727439638568
CRI,0.2883394232058218,0.43151519567003016,0.3628243428142626,0.5728784640169965,0.07448491960844082,0.14136326834696633,0.4264919327246971,0.19409476738041284,0.4120239601285372,0.16362389577363237,0.14317577246420837,0.23239716534428426,0.03327364366666025,0.21005412120273387,0.24840006435490483,0.05217745722477207,Costa Rica,0.0465999999999999,0.013326356333339645,-0.005577457224772174
CYP,0.4577470651902423,0.5929933859611691,0.5080105141715333,0.6871175592063152,0.05026344898129096,0.09412417324514614,0.4337975590434014,0.19566358885114454,0.4252343181995512,0.16528103242588613,0.13524632077092685,0.23813397019225685,0.0322067433190763,0.17910704503478192,0.25995328577366505,0.04655946486200336,Cyprus,0.0518,0.019593256680923696,0.0052405351379966394
CZE,0.4171863499227553,0.5771315906557629,0.43934660754357474,0.6673605639678754,0.022160257620819544,0.0902289733121126,0.4087839882721124,0.19891621713923296,0.4042681558610999,0.17999854798690262,0.15994524073300764,0.2098677711328794,0.03356735117594815,0.2280139564243006,0.22426960787419725,0.051136600597122196,Czechia,0.0610999999999999,0.02753264882405175,0.009963399402877701
DEU,0.5379859016973838,0.6854873410564171,0.5740127654398612,0.7681778309205114,0.03602686374247744,0.0826904898640943,0.4154082486024093,0.20445760507508612,0.41080334721881906,0.176847792277962,0.14750143935903326,0.2109506435273232,0.031115523553994506,0.19416506548065016,0.23395555494085707,0.045425995644653355,Germany,0.0437,0.012584476446005497,-0.0017259956446533525
DNK,0.5211833120280075,0.6258000068449784,0.5747528121774378,0.7056944515746303,0.05356950014943027,0.07989444472965188,0.4133671411861785,0.20413008630739993,0.40809735381428186,0.17512854590310836,0.10461669481697089,0.20923705487877858,0.02188968911465497,0.1309416393971925,0.2329688079111735,0.030505317636298688,Denmark,0.0302,0.008310310885345031,-0.00030531763629868675
DOM,0.1822389500665393,0.3764279933144003,0.28907065301767787,0.5610611713208847,0.10683170295113859,0.18463317800648443,0.42818120026791806,0.20405261202545058,0.4054536871470699,0.16655338181247079,0.194189043247861,0.22412858824246748,0.04352331611529855,0.27199051830320686,0.23890030533459913,0.064978617870752,Dominican Republic,0.0712,0.02767668388470145,0.006221382129247999
ECU,0.13360323557043371,0.19547653962810005,0.20160565508415376,0.3736824467427559,0.06800241951372007,0.17820590711465578,0.4010732417950374,0.18821541066982894,0.3850315153987976,0.16097402076100947,0.061873304057666334,0.21285783112520845,0.013170217306265415,0.17207679165860215,0.22405749463778812,0.038555094824335036,Ecuador,0.0280999999999999,0.014929782693734484,-0.010455094824335136
ESP,0.40339598025138645,0.5261176493533463,0.47401103071675177,0.655597135262456,0.07061505046536537,0.12947948590910974,0.41319752559071243,0.2046598796581331,0.4043040491796961,0.16931948831183208,0.12272166910195981,0.20853764593257934,0.025592087979439657,0.18158610454570423,0.234984560867864,0.04266993103637835,Spain,0.0428999999999999,0.01730791202056024,0.0002300689636215436
EST,0.4451542826108705,0.6197298229933305,0.46313939030141904,0.6921645273882323,0.01798510769054867,0.07243470439490195,0.41304354266309773,0.1949786972214839,0.40907933592878176,0.17684688746652535,0.17457554038245998,0.21806484544161384,0.03806878823138735,0.22902513708681327,0.2322324484622564,0.05318706834507457,Estonia,0.0521999999999999,0.014131211768612546,-0.000987068345074671
ETH,0.055098770966777205,0.04299658459377932,0.10825979418698405,0.16217050195352478,0.05316102322020682,0.11917391735974547,0.39409637841866046,0.16528356444990666,0.37455390648471665,0.1468501272074089,-0.012102186372997883,0.2288128139687538,-0.002769135319179952,0.053910707766540736,0.22770377927730776,0.012275671901955833,Ethiopia,0.0185,0.02126913531917995,0.006224328098044166
FIN,0.4849416117156477,0.585290728329878,0.5263342770737415,0.6654753298643007,0.0413926653580937,0.08018460153442274,0.4012975371203241,0.20258003066115005,0.3973612968515315,0.17867351555554953,0.10034911661423035,0.19871750645917408,0.019941126228960732,0.13914105279055922,0.21868778129598196,0.030428448121954495,Finland,0.0233,0.003358873771039269,-0.007128448121954494
FJI,0.24633453162936894,0.3867905873047261,0.30499614161224137,0.47010744182980685,0.05866160998287252,0.08331685452508075,0.42379869529126957,0.18986895782597357,0.41242940403169,0.1718419799801227,0.14045605567535716,0.233929737465296,0.0328568482295473,0.16511130021756548,0.24058742405156727,0.03972370240114906,Fiji,0.0451,0.012243151770452702,0.005376297598850943
FRA,0.5236712762633499,0.6432803921518325,0.5538991997194604,0.7000128697267256,0.03022792345611067,0.056732477574893116,0.40887135105491496,0.19254118816219554,0.40566959453649215,0.17260914637443472,0.11960911588848266,0.21633016289271942,0.02587505952360961,0.14611367000726516,0.23306044816205743,0.03405331741449619,France,0.0377,0.011824940476390388,0.0036466825855038104
GBR,0.6030705383017936,0.6822361060722079,0.6379024787961843,0.7390368107875966,0.03483194049439075,0.056800704715388825,0.40358176038657995,0.19590284585316473,0.40086090420847703,0.17161157769694035,0.07916556777041428,0.20767891453341522,0.01644101918298116,0.10113433199141231,0.22924932651153668,0.023184977496225428,United Kingdom of Great Britain and Northern Ireland,0.0219,0.00545898081701884,-0.0012849774962254285
GEO,0.2276049232930509,0.35501666814172333,0.28226667305226083,0.4448158561796936,0.054661749759209885,0.08979918803797021,0.3858807640172005,0.17593584358814693,0.3812392951705982,0.15482810789606594,0.12741174484867243,0.20994492042905358,0.02674944863398141,0.16254918312743277,0.22641118727453224,0.03680295354238742,Georgia,0.0225999999999999,-0.00414944863398151,-0.014202953542387518
GHA,0.14568275074775758,0.0791951079125574,0.22587616323834864,0.33088017527662206,0.08019341249059105,0.25168506736406465,0.3781651836636331,0.20019759916339616,0.3687345831689594,0.16216085167669003,-0.06648764283520017,0.17796758450023695,-0.01183264519449506,0.10500401203827342,0.20657373149226937,0.021691070588405314,Ghana,0.0197,0.03153264519449506,-0.001991070588405315
GIN,0.10941013080348437,0.04675700272456352,0.2650542821100696,0.43993182202168585,0.15564415130658518,0.3931748192971222,0.3763152576861782,0.21294690387970525,0.36592922779179754,0.15274187234040335,-0.06265312807892084,0.16336835380647294,-0.010235538395079404,0.17487753991161625,0.2131873554513942,0.03728168026160311,Guinea,0.0311,0.041335538395079405,-0.006181680261603113
GMB,0.1510903633659159,0.08455129760638133,0.28083829154271145,0.41636334223085014,0.1297479281767956,0.3318120446244688,0.37412385264998166,0.2150537147465453,0.36637286242818157,0.16166133301683516,-0.06653906575953455,0.15907013790343635,-0.010584378366334982,0.1355250506881387,0.2047115294113464,0.027743540399919116,Gambia,0.0291,0.03968437836633498,0.0013564596000808851
GNB,0.09478415807242935,0.03594673672896639,0.16343176497243408,0.23185389280809357,0.06864760690000475,0.1959071560791272,0.38293604661878267,0.16404192946909935,0.3693832797319146,0.13111967256930215,-0.05883742134346296,0.21889411714968332,-0.01287916540034126,0.06842212783565949,0.23826360716261244,0.016302502987865623,Guinea-Bissau,0.0053999999999999,0.01827916540034116,-0.010902502987865723
GRC,0.3655955425256468,0.5194129839871473,0.47155608052977316,0.6848962328062314,0.10596053800412637,0.16548324881908422,0.42850930161652456,0.22128457160157944,0.41308699224623946,0.17853180968175547,0.1538174414615005,0.20722473001494512,0.03187477777844907,0.2133401522764582,0.234555182564484,0.05004003836553947,Greece,0.0538,0.02192522222155093,0.003759961634460532
GTM,0.13477610580217786,0.17641285556742853,0.2379142602894998,0.45031317320318187,0.10313815448732194,0.27390031763575323,0.4173062049470599,0.2006566357172524,0.3878962348928083,0.15795866447225596,0.04163674976525067,0.2166495692298075,0.009020583900770845,0.21239891291368207,0.22993757042055232,0.04883848999533853,Guatemala,0.0481999999999999,0.03917941609922906,-0.00063848999533863
GUY,0.172855661276963,0.35123197550530644,0.24367121647676251,0.5730496307176697,0.07081555519979953,0.22181765521236319,0.39636254520767356,0.19821747086262337,0.38451979387110635,0.1631795889812769,0.17837631422834344,0.1981450743450502,0.03534438804417114,0.3293784142409072,0.22134020488982944,0.07290468569436952,Guyana,0.0788999999999999,0.04355561195582876,0.005995314305630384
HND,0.13875888982734766,0.2082070949903464,0.21629787692233368,0.5112946371703962,0.07753898709498598,0.30308754218004985,0.39776593069918337,0.19813142904656875,0.38012163004276506,0.15693828396441667,0.06944820516299874,0.19963450165261462,0.013864257828383792,0.29499676024806254,0.2231833460783484,0.06583836403443491,Honduras,0.0715,0.057635742171616204,0.005661635965565084
HRV,0.43396143168412266,0.6006586349443132,0.46741739805280463,0.7248498792713298,0.03345596636868197,0.12419124432701668,0.4074034507478418,0.20698898895192838,0.4015860223046056,0.1774743440033665,0.1666972032601905,0.2004144617959134,0.03340853027427506,0.2574324812185252,0.2241116783012391,0.057693625415135896,Croatia,0.062,0.02859146972572494,0.004306374584864103
HUN,0.3890239951690105,0.6038828847843303,0.420698931728236,0.6978071338503418,0.03167493655922547,0.09392424906601148,0.41964670867038834,0.20079892985495362,0.41332541450668386,0.17860715622000525,0.2148588896153198,0.2188477788154347,0.04702139075106341,0.27710820212210574,0.2347182582866786,0.06504235455905355,Hungary,0.0688999999999999,0.021878609248936497,0.0038576454409463556
IDN,0.13396920896019385,0.18221161530998017,0.269768423782388,0.45093899532304577,0.13579921482219418,0.26872738001306573,0.4101673960944011,0.21140677108886502,0.383886267476138,0.1681038434856952,0.048242406349786326,0.1987606250055361,0.009588690837854573,0.18117057154065774,0.2157824239904428,0.039093425082777064,Indonesia,0.0351999999999999,0.025611309162145324,-0.003893425082777166
IND,0.1510998864058711,0.11194584094035069,0.2574153440391879,0.1639168851778217,0.10631545763331689,0.051971044237470995,0.4025613850140173,0.18659787372167738,0.38687229216506247,0.16620854713707464,-0.03915404546552041,0.2159635112923399,-0.008455845140033707,-0.09349845886136623,0.22066374502798783,-0.020631720086694328,India,-0.0239,-0.015444154859966294,-0.003268279913305673
IRL,0.5293067407136214,0.6700642766647423,0.5723454910114788,0.7455814151714626,0.04303875029785745,0.07551713850672018,0.41547571910423853,0.2054117926018079,0.4107475249010964,0.17878728983269498,0.14075753595112095,0.21006392650243064,0.02956808068669951,0.1732359241599838,0.2319602350684014,0.040183845690441596,Ireland,0.0408,0.011231919313300493,0.0006161543095584074
IRN,0.2016580068535071,0.5051721455289726,0.3283813474402912,0.5875090288328108,0.12672334058678406,0.08233688330383811,0.40902599365572523,0.20166400451761538,0.3940448033700409,0.1711279538016056,0.3035141386754655,0.20736198913810985,0.06293729552728465,0.25912768139251957,0.2229168495684353,0.057763926371993714,Iran (Islamic Republic of),0.0553999999999999,-0.00753729552728475,-0.002363926371993813
IRQ,0.19399771210544312,0.6667718711351495,0.3183096795477251,0.6871736562527951,0.124311967442282,0.020401785117645666,0.3758458676382705,0.19545072071082534,0.37169435257980377,0.16350027675309742,0.4727741590297063,0.18039514692744515,0.0852861638816632,0.36886397670507004,0.20819407582670635,0.07679529473587579,Iraq,0.0798,-0.005486163881663203,0.003004705264124205
ISR,0.5553593381505877,0.6850257298362152,0.5995312650702393,0.7459644172361141,0.04417192691965167,0.06093868739989888,0.4111260517101756,0.206752014877875,0.4073302762763488,0.18188427749403824,0.12966639168562755,0.20437403683230057,0.026500443910269955,0.1464331521658747,0.22544599878231059,0.03301276824487769,Israel,0.034,0.007499556089730047,0.00098723175512231
ITA,0.43301377061271074,0.5802621229942374,0.4846099241780469,0.6809127538218033,0.05159615356533614,0.10065063082756587,0.42433377806371386,0.20145573490437177,0.416448266473934,0.17382491672566946,0.14724835238152667,0.2228780431593421,0.03281842463723191,0.1963028296437564,0.24262334974826455,0.047627650093231104,Italy,0.0562,0.023381575362768088,0.008572349906768896
JOR,0.19159499007925646,0.5247677131339462,0.2730112402966629,0.5463777683903057,0.08141625021740645,0.021610055256359364,0.4255593667885706,0.1982044043202835,0.41152184175862305,0.1810112850091684,0.33317272305468976,0.2273549624682871,0.075748471945556,0.2733665280936428,0.23051055674945464,0.06301387058753104,Jordan,0.0235,-0.052248471945556006,-0.03951387058753104
JPN,0.36560898655619484,0.49601908733098915,0.43839718555094453,0.5172216218375172,0.07278819899474971,0.02120253450652808,0.47310684942300013,0.2008195686896864,0.46153600240199305,0.18558575842156452,0.1304101007747943,0.27228728073331376,0.03550901172012616,0.07882443628657265,0.27595024398042856,0.021751622424899468,Japan,0.0455999999999999,0.010090988279873737,0.02384837757510043
KEN,0.13789050393582455,0.13034296891104308,0.1773685475781917,0.16871163250682067,0.039478043642367164,0.038368663595777584,0.40278669379632565,0.16709393812877227,0.393748338893394,0.15789625433254717,-0.0075475350247814765,0.23569275566755338,-0.001778899328488122,-0.008656915071371035,0.23585208456084683,-0.002041751465449071,Kenya,0.0035999999999999,0.005378899328488022,0.0056417514654489714
KGZ,0.1636272431490256,0.3436270604483749,0.23776477123094278,0.4703523481485212,0.07413752808191719,0.12672528770014624,0.3767316483304325,0.1983218284947568,0.3726314501695006,0.17516487960555324,0.17999981729934927,0.1784098198356757,0.03211373497483144,0.23258757691757845,0.19746657056394737,0.04592827116969254,Kyrgyzstan,0.0438999999999999,0.011786265025168455,-0.00202827116969264
KHM,0.1141143255789781,0.08782437629720269,0.21793555243954035,0.32821241888270697,0.10382122686056224,0.24038804258550422,0.42105682768611813,0.19797405654553968,0.3844365499110098,0.15935379040953643,-0.026289949281775415,0.22308277114057845,-0.00586483473892372,0.11027686644316662,0.22508275950147336,0.02482142140820337,Cambodia,0.0258,0.03166483473892372,0.0009785785917966298
KIR,0.16510237045444623,0.29613829020998395,0.21582922250840353,0.4641808410438252,0.0507268520539573,0.1680425508338412,0.3901822339361641,0.18013116997942888,0.38153617427513703,0.15250511807210113,0.13103591975553772,0.2100510639567352,0.027524234361200075,0.24835161853542165,0.2290310562030359,0.05688023350290109,Kiribati,0.0732,0.04567576563879992,0.01631976649709891
KOS,0.32064636274704167,0.6126105125017267,0.4551189342554706,0.7757373255974581,0.13447257150842892,0.16312681309573143,0.4012825434711513,0.21223297990142345,0.39111461429441585,0.16553940035667042,0.29196414975468504,0.18904956356972782,0.055195695089129866,0.3206183913419875,0.22557521393774543,0.07232356221934462,Kosovo,0.0648,0.00960430491087013,-0.007523562219344623
LAO,0.09430945679961124,0.08717528061064696,0.15147069514279513,0.24476108945238045,0.05716123834318387,0.15758580884173348,0.42987319509801686,0.18245230888248581,0.39379892002735434,0.15834530672758815,-0.007134176188964281,0.24742088621553104,-0.0017651441950912823,0.09329039430958533,0.2354536132997662,0.021965560426351814,Lao People's Democratic Republic,0.0163999999999999,0.018165144195091184,-0.005565560426351913
LBN,0.24901166382035533,0.481852941723862,0.3426537916500127,0.5939240286448694,0.09364212782965733,0.11207108692100741,0.3978461547198674,0.19639501907137755,0.3894789669678154,0.1656321932938829,0.23284127790350667,0.20145113564848985,0.04690613985950704,0.2512702369948567,0.22384677367393252,0.05624603187158307,Lebanon,0.0366999999999999,-0.010206139859507142,-0.019546031871583172
LKA,0.1963201135353773,0.3153558147827415,0.2825746496068337,0.3967419477596957,0.08625453607145643,0.08138613297695421,0.4024320663176667,0.18327493708445988,0.3919188482706923,0.16081751440825576,0.1190357012473642,0.21915712923320682,0.026087522561633995,0.11416729815286197,0.23110133386243653,0.02638421488659689,Sri Lanka,0.0225999999999999,-0.0034875225616340932,-0.003784214886596988
LSO,0.08223953378526713,0.11155375085010541,0.12266742949899212,0.18840043593690867,0.040427895713724994,0.07684668508680323,0.3734641884010595,0.1536579625723504,0.36940125227357556,0.13972133754452168,0.029314217064838277,0.2198062258287091,0.00644344741614564,0.06573300643791655,0.22967991472905389,0.015097551313545022,Lesotho,0.0174,0.010956552583854359,0.0023024486864549765
LTU,0.43913289045480225,0.6109420843297566,0.46336569753368667,0.7039429844147569,0.02423280707888438,0.0930009000850003,0.4123355105396785,0.1943935405202932,0.40736288659115777,0.17091605259442444,0.17180919387495436,0.21794197001938528,0.03744443418055006,0.24057728688107022,0.23644683399673333,0.0568837378145529,Lithuania,0.0520999999999999,0.014655565819449844,-0.004783737814552998
LUX,0.7210479130188872,0.7707575501940273,0.738190220040073,0.8025172937405094,0.0171423070211857,0.0317597435464822,0.43513647037988745,0.1870971829497698,0.43286747228714567,0.16902687064150226,0.0497096371751401,0.24803928743011766,0.012329942983331437,0.06432707370043644,0.2638406016456434,0.016972093827226795,Luxembourg,-0.0020999999999999,-0.014429942983331338,-0.019072093827226695
LVA,0.4203301083492965,0.6004675733393279,0.443321695046064,0.6793458469146902,0.022991586696767544,0.07887827357536248,0.40806792459207064,0.19382968898197123,0.40391800637239883,0.17372025165782956,0.18013746499003136,0.21423823561009941,0.03859233266674037,0.23602415186862624,0.23019775471456927,0.05433222981856827,Latvia,0.0503,0.011707667333259626,-0.004032229818568274
MDG,0.05214046937781321,0.04902187946562318,0.08443041204745454,0.1299589129171436,0.0322899426696413,0.08093703345152041,0.38949354466767944,0.15430006799922297,0.3754171885196018,0.14140612958204282,-0.00311858991219003,0.23519347666845647,-0.0007334720037511494,0.045528500869689056,0.234011058937559,0.010654172700355511,Madagascar,0.0078999999999999,0.00863347200375105,-0.0027541727003556112
MDV,0.44873060262104514,0.4473767769039128,0.49250607738845936,0.5341580772800547,0.04377547476741423,0.08678130037614186,0.40428588548336514,0.17607255648422923,0.39920269810520675,0.15179860676647028,-0.0013538257171323287,0.2282133289991359,-0.00030896107379141125,0.04165199989159535,0.24740409133873648,0.010304875185621298,Maldives,0.0040999999999999,0.004408961073791311,-0.006204875185621398
MEX,0.23650986238095711,0.34355989589439956,0.3322492174654728,0.5525059699924055,0.09573935508451568,0.208946074098006,0.41220583972224145,0.2047610633839811,0.39548391974166613,0.16584086487834213,0.10705003351344244,0.20744477633826036,0.022206970259199346,0.22025675252693272,0.229643054863324,0.05058043350455999,Mexico,0.0525999999999999,0.03039302974080055,0.002019566495439905
MHL,0.3612133519482168,0.44190732034922764,0.38685112323898974,0.5836131631967764,0.025637771290772944,0.14170584284754867,0.39263344165882125,0.1886144547933731,0.3881840298488981,0.16694040937651483,0.08069396840101084,0.20401898686544814,0.016463101679326717,0.19676203995778663,0.22124362047238327,0.043532346091792455,Marshall Islands,0.0567,0.04023689832067329,0.013167653908207545
MKD,0.34256812198277387,0.4915639327559857,0.4072393292759665,0.6162608252674479,0.06467120729319259,0.12469689251146204,0.4037965396180377,0.20443553665429937,0.39628803412045516,0.17550920963101366,0.14899581077321183,0.19936100296373832,0.029703954273142878,0.20902149599148134,0.2207788244894415,0.04614752017802376,North Macedonia,0.0359,0.006196045726857124,-0.010247520178023758
MLI,0.04906046458144926,0.03810790750922551,0.1367513795074632,0.25348136973950985,0.08769091492601391,0.21537346223028436,0.38120760285335564,0.19139674100023707,0.3672640662308588,0.16321498542867072,-0.01095255707222375,0.18981086185311857,-0.0020789142973742587,0.11672999023204667,0.20404908080218806,0.023818647208897512,Mali,0.0254,0.027478914297374257,0.0015813527911024867
MMR,0.06113012101669096,0.11152189642055722,0.1774718851553849,0.3883521119773497,0.11634176413869395,0.27683021555679255,0.45266767270676195,0.20941423026262942,0.3904417475611832,0.1715178150311882,0.05039177540386627,0.24325344244413252,0.012257972837862036,0.2108802268219648,0.218923932529995,0.04616672854868187,Myanmar,0.0421999999999999,0.02994202716213786,-0.003966728548681971
MNE,0.40204761935347133,0.5804284183077637,0.45995645276280894,0.7859348253851446,0.05790883340933761,0.20550640707738085,0.41889962538962017,0.22402657384065386,0.40739225840341753,0.18052622831738288,0.17838079895429237,0.1948730515489663,0.03476161062996561,0.32597837262233564,0.22686603008603465,0.07395341929073541,Montenegro,0.0675,0.03273838937003439,-0.00645341929073541
MNG,0.25485167217272964,0.4217513096098991,0.3120359087556477,0.5497571589602651,0.05718423658291808,0.12800584935036613,0.38252332345196327,0.20348381390662407,0.37826481704237136,0.1787938880373938,0.16689963743716946,0.1790395095453392,0.029881629230045753,0.23772125020461743,0.19947092900497757,0.04741847862253975,Mongolia,0.0466,0.01671837076995425,-0.0008184786225397464
MOZ,0.060540265790778945,0.038484615727310954,0.13114301095053094,0.12756619134628538,0.07060274515975198,0.08908157561897444,0.3695396770374276,0.15108448945610006,0.36517466056833775,0.13158687000207006,-0.02205565006346799,0.21845518758132756,-0.004818171171843019,-0.0035768196042455513,0.2335877905662677,-0.0008355013886098303,Mozambique,-0.0108,-0.005981828828156981,-0.00996449861139017
MSR,0.37595907928388744,0.5631399317406144,0.40494458653026427,0.6271331058020478,0.028985507246376812,0.06399317406143346,0.4103860134034104,0.1816985619821215,0.4062546710705673,0.16480123132624502,0.18718085245672694,0.2286874514212889,0.04280591210319319,0.22218851927178357,0.24145343974432226,0.05364818224986978,Montserrat,0.0716999999999999,0.02889408789680671,0.018051817750130122
MUS,0.3258914875784746,0.4919625876038873,0.3925043882537122,0.6041910915422626,0.0666129006752376,0.11222850393837551,0.4335032598373225,0.195060253047046,0.42085118436277147,0.16734261602484807,0.1660711000254127,0.23844300679027652,0.03959849243102817,0.21168670328855038,0.2535085683379234,0.05366439308685519,Mauritius,0.064,0.02440150756897183,0.010335606913144814
MWI,0.22016322729184198,0.19120339661615116,0.30556273008723084,0.364036639690405,0.08539950279538885,0.17283324307425385,0.3735136723549313,0.18326638445875748,0.3693208037179265,0.14914172026301983,-0.02895983067569083,0.19024728789617384,-0.0055095292439826,0.05847390960317417,0.2201790834549067,0.012874731822451956,Malawi,0.0090999999999999,0.0146095292439825,-0.003774731822452056
NER,0.16038347711317857,0.1744450514623277,0.2997092765339325,0.5653917670002383,0.13932579942075396,0.39094671553791066,0.36357483449041805,0.2166560864234204,0.36297213357672803,0.16639329443191686,0.01406157434914912,0.14691874806699765,0.002065908899227996,0.2656824904663058,0.19657883914481117,0.05222755555696876,Niger,0.0544,0.052334091100772,0.0021724444430312392
NIU,0.575070821529745,0.6853932584269662,0.623229461756374,0.7556179775280898,0.04815864022662889,0.07022471910112359,0.38924049617049616,0.1960781180051929,0.38698073593073584,0.16811924183006532,0.11032243689722121,0.19316237816530327,0.02131014427605885,0.13238851577171584,0.21886149410067052,0.028974748363567913,Niue,0.0564,0.035089855723941146,0.027425251636432085
NLD,0.6170020450754166,0.6526049383197816,0.6608125704279149,0.7375721438076323,0.04381052535249826,0.08496720548785062,0.41392687780549653,0.20853715945568055,0.4092611144374122,0.1761135370885458,0.03560289324436505,0.20538971834981598,0.007312468215898704,0.0767595733797174,0.2331475773488664,0.017896308571813648,Netherlands,0.0053999999999999,-0.0019124682158988045,-0.012496308571813749
NOR,0.5565547535541642,0.6226877019974915,0.6076603173176797,0.7087679029248716,0.0511055637635156,0.08608020092738008,0.3957959779796892,0.21052007443132975,0.39236370597153647,0.18060828979348678,0.06613294844332729,0.18527590354835943,0.012252841777154534,0.10110758560719191,0.2117554161780497,0.021410078869008708,Norway,0.0136,0.0013471582228454654,-0.0078100788690087086
NPL,0.16778199427505602,0.1521839962101445,0.32930312600183226,0.37570055896122867,0.16152113172677623,0.22351656275108409,0.3826947721054933,0.2035176975348529,0.3719263591005539,0.15827044631637427,-0.015597998064911522,0.1791770745706404,-0.0027948036624293564,0.04639743295939641,0.2136559127841796,0.009913085889782621,Nepal,0.0053999999999999,0.008194803662429256,-0.0045130858897827215
PAN,0.1968573663382919,0.3858823470573011,0.19892596690595438,0.4293460933016418,0.002068600567662481,0.04346374624434073,0.40855559459704843,0.16458612740424888,0.40554168967323423,0.1591729996001477,0.18902498071900922,0.24396946719279955,0.04611632383214589,0.23042012639568743,0.24636869007308654,0.05676830470658054,Panama,0.0639,0.01778367616785411,0.007131695293419456
PER,0.20478432323827175,0.22534177148246406,0.2723540230643983,0.4071338540440282,0.06756969982612658,0.18179208256156418,0.41032078449758347,0.19493674808479702,0.3932476540804845,0.1647709299446766,0.02055744824419231,0.21538403641278644,0.00442774618118109,0.13477983097962987,0.2284767241358079,0.03079405426180371,Peru,0.0240999999999999,0.01967225381881881,-0.006694054261803809
PHL,0.1597262617089648,0.29333478519692047,0.24015706103247256,0.5821896970687662,0.08043079932350776,0.2888549118718457,0.43201644664420474,0.20305112622331548,0.4016894665053318,0.16014424133793048,0.13360852348795565,0.22896532042088927,0.030591718391381677,0.34203263603629364,0.24154522516740135,0.08261635008598638,Philippines,0.0749999999999999,0.04440828160861822,-0.007616350085986476
PLW,0.3322135785007072,0.6027361220731386,0.3728783592644979,0.7077084977637466,0.04066478076379067,0.10497237569060774,0.4234659081382716,0.19352502167402755,0.4154751691887044,0.17072191904218106,0.27052254357243144,0.22994088646424407,0.06220419347760698,0.33483013849924864,0.24475325014652335,0.08195076464470166,Palau,0.1066,0.04439580652239302,0.024649235355298338
PNG,0.18879947200951927,0.13562485634568552,0.3099665429389703,0.41787685336971786,0.12116707092945113,0.28225199702403236,0.3792306219679541,0.20817127358320234,0.3700978689058771,0.16015292924648958,-0.053174615663833746,0.17105934838475176,-0.009096015106065015,0.10791031043074756,0.20994493965938751,0.02265522361200907,Papua New Guinea,0.0191999999999999,0.028296015106064915,-0.0034552236120091694
POL,0.436190646227075,0.632912588640335,0.46898342766149637,0.7435145549754603,0.03279278143442134,0.11060196633512535,0.4172015863763552,0.20222485211064412,0.4108944859236215,0.1744017897189573,0.19672194241325996,0.21497673426571107,0.0422906407384099,0.2745311273139639,0.23649269620466418,0.06492460649058525,Poland,0.0625,0.0202093592615901,-0.002424606490585249
PRT,0.4611574470890751,0.551889705697287,0.5155799522887611,0.6429796963847679,0.05442250519968594,0.09108999068748078,0.42238555594527055,0.20195587395355033,0.41488175121699317,0.17409108996827996,0.09073225860821194,0.22042968199172022,0.020000082911398678,0.12739974409600685,0.2407906612487132,0.030676668623794336,Portugal,0.0332999999999999,0.013299917088601221,0.002623331376205563
ROU,0.24360817352932937,0.4347995774242543,0.27576407158400734,0.6195084369166272,0.03215589805467795,0.18470885949237284,0.41372277158820264,0.20269730743473768,0.4019236813034164,0.17547965566568835,0.19119140389492492,0.21102546415346496,0.04034625474907912,0.3437443653326198,0.22644402563772803,0.07783885787620431,Romania,0.0774,0.03705374525092087,-0.00043885787620431826
RUS,0.39895683482288297,0.6262427049693808,0.4221985898408834,0.7470496781900665,0.023241755018000448,0.12080697322068576,0.38634412384217737,0.2055564399943323,0.38343136282337664,0.1789485057917147,0.22728587014649787,0.18078768384784508,0.041090486035127424,0.32485108834918314,0.20448285703166194,0.0664264786554858,Russian Federation,0.0712999999999999,0.03020951396487248,0.0048735213445141035
RWA,0.09784487721719617,0.08495865051689062,0.17356048879742636,0.23955348921060396,0.07571561158023019,0.15459483869371335,0.38479443721648454,0.16613610816252833,0.3725274591840721,0.13836989613962142,-0.01288622670030555,0.2186583290539562,-0.0028176807980992875,0.0659930004131776,0.23415756304445068,0.015452760154741093,Rwanda,0.0052999999999999,0.008117680798099188,-0.010152760154741192
SDN,0.07140138400370534,0.2239111333989326,0.26091867798489127,0.32286625129846463,0.18951729398118594,0.09895511789953203,0.3687298534993641,0.1947740561445393,0.3647884025571471,0.15302959551900966,0.15250974939522727,0.1739557973548248,0.02652995506043127,0.06194757331357337,0.21175880703813746,0.013117944223789856,Sudan,-0.0041999999999999,-0.03072995506043117,-0.017317944223789756
SGP,0.7104555268768173,0.7671129751118384,0.7402009742452832,0.8332400000369026,0.029745447368465832,0.06612702492506428,0.424025312731935,0.20895871923098724,0.42032524692077744,0.17528582633561324,0.05665744823502106,0.21506659350094776,0.012185124388362263,0.09303902579161938,0.2450394205851642,0.02279822897178656,Singapore,0.0461,0.03391487561163774,0.02330177102821344
SLE,0.1111865393800996,0.04591075934847442,0.21695042236195536,0.3668725323287571,0.1057638829818558,0.3209617729802827,0.366341838344999,0.20769041349268702,0.36351230886175107,0.15965852072081674,-0.06527578003162518,0.15865142485231198,-0.01035609551036343,0.14992210996680175,0.20385378814093433,0.030562190042814262,Sierra Leone,0.0322,0.04255609551036343,0.0016378099571857374
SLV,0.18321121410611965,0.22169486429271174,0.28078249828241736,0.5399122982610806,0.09757128417629772,0.3182174339683689,0.41522344737228895,0.2098698198973394,0.38943886126492594,0.16157764917242026,0.03848365018659208,0.20535362747494953,0.007902757164293703,0.2591297999786632,0.22786121209250568,0.059045630312426746,El Salvador,0.0552,0.0472972428357063,-0.003845630312426747
SOM,0.35558454562763114,0.3602588267298837,0.3822482035949256,0.4136887990724728,0.0266636579672945,0.053429972342589185,0.3789932605418209,0.18862088176469946,0.3775573499624116,0.17842554401273136,0.004674281102252542,0.19037237877712146,0.0008898540125087617,0.031440595477547184,0.19913180594968022,0.0062608225575773195,Somalia,0.0049,0.004010145987491238,-0.0013608225575773196
SRB,0.33223574972943665,0.47620874069949987,0.37261181496090284,0.5902422845555076,0.04037606523146611,0.11403354385600781,0.41212733674751445,0.1970462073027597,0.40433158458770574,0.17351961378021502,0.14397299097006322,0.21508112944475474,0.030965873507380674,0.2176304695946048,0.23081197080749072,0.05023171759489042,Serbia,0.0414999999999999,0.010534126492619224,-0.008731717594890519
STP,0.10466336782126258,0.15275578677523938,0.25018743439796076,0.28711452914121993,0.14552406657669817,0.13435874236598055,0.4028024596615506,0.2003342215460986,0.38332590116432586,0.16938376239468775,0.0480924189539768,0.202468238115452,0.009737187332321852,0.03692709474325917,0.2139421387696381,0.007900261627921927,Sao Tome and Principe,0.0091999999999999,-0.0005371873323219527,0.0012997383720779725
SUR,0.2659027839942709,0.5424908874964165,0.3176170441321279,0.6865025733437087,0.05171426013785695,0.14401168584729218,0.39749905212034736,0.19248661439430445,0.3909060637289549,0.16438315129099274,0.2765881035021456,0.2050124377260429,0.05670400134499793,0.3688855292115808,0.2265229124379622,0.08356102443322626,Suriname,0.0758,0.019095998655002076,-0.007761024433226252
SVN,0.4147351085082107,0.5920264160978634,0.44817011251472455,0.6752747983334809,0.03343500400651382,0.0832483822356174,0.4116611275974362,0.19674976830355267,0.4066615721732505,0.17565015677815324,0.17729130758965272,0.21491135929388355,0.03810191590508228,0.22710468581875637,0.23101141539509726,0.05246377491384978,Slovenia,0.0489999999999999,0.010898084094917618,-0.0034637749138498805
SWE,0.5898109570804062,0.6937052296176813,0.6198534846271899,0.7423597840294635,0.03004252754678372,0.04865455441178223,0.4089717481495614,0.19994219825171905,0.40630646681904936,0.18007915216114187,0.10389427253727512,0.20902954989784234,0.02171697302543038,0.12250629940227353,0.2262273146579075,0.02771427114245396,Sweden,0.0211,-0.0006169730254303799,-0.00661427114245396
SWZ,0.23201792239748792,0.22893798601948295,0.30822483794553496,0.45228937986019485,0.07620691554804708,0.22335139384071195,0.3798828282189925,0.20184565310573707,0.37316956226412346,0.16316929492725463,-0.003079936378004966,0.17803717511325542,-0.0005483431722685558,0.1440645419146599,0.21000026733686883,0.030253592315842123,Eswatini,0.0335999999999999,0.034148343172268454,0.003346407684157778
TGO,0.12309128167927404,0.03838465857653946,0.21969604578965093,0.4550953834705594,0.09660476411037691,0.41671072489401995,0.3922789437255933,0.22160826374698908,0.3694145736515437,0.16434903095789263,-0.08470662310273458,0.17067067997860422,-0.014456936963635056,0.23539933768090845,0.20506554269365104,0.048272292931261514,Togo,0.0462999999999999,0.060756936963634954,-0.001972292931261617
THA,0.13736128648410253,0.2318222707980686,0.23557469212337473,0.42735232693955943,0.09821340563927221,0.19553005614149083,0.4255559166111425,0.2111163771279789,0.39770725581152516,0.17896987922604957,0.09446098431396607,0.2144395394831636,0.020256169975413227,0.1917776348161847,0.2187373765854756,0.04194893672745961,Thailand,0.0514999999999999,0.031243830024586673,0.009551063272540287
TJK,0.2226048012475741,0.30463378653163753,0.3184936671149728,0.3974626211076114,0.09588886586739867,0.09282883457597385,0.3554354654976022,0.1779192076612078,0.3574054712334942,0.15124502687837757,0.08202898528406344,0.17751625783639438,0.014561478501743606,0.07896895399263859,0.20616044435511663,0.016280274645381135,Tajikistan,0.0027,-0.011861478501743607,-0.013580274645381134
TKL,0.5477386934673365,0.5976331360946745,0.5778894472361807,0.6272189349112426,0.030150753768844216,0.029585798816568046,0.35366319145049324,0.16756660360797948,0.35406653125980686,0.15464933035308653,0.049894442627338,0.18609658784251376,0.009285185525251668,0.049329487675061845,0.19941720090672033,0.009837148354323392,Tokelau,0.0274,0.01811481447474833,0.017562851645676607
TLS,0.1071094856775412,0.0788677860586352,0.212169317485356,0.279611797902089,0.1050598318078148,0.20074401184345383,0.3934273048089456,0.18795822986141225,0.3745908966008641,0.1536562512547639,-0.02824169961890599,0.20546907494753336,-0.005802795895642719,0.06744248041673301,0.2209346453461002,0.014900380492132215,Timor-Leste,0.0085999999999999,0.014402795895642619,-0.006300380492132315
TON,0.2991935926271326,0.4196220731206354,0.32728070656646,0.5374503628645763,0.028087113939327446,0.11782828974394086,0.39762553846323995,0.18249472729328997,0.39198342939458314,0.16121791357758677,0.1204284804935028,0.21513081116994998,0.025907876696531756,0.21016965629811624,0.23076551581699636,0.04849990914471563,Tonga,0.0721,0.04619212330346824,0.02360009085528437
TUN,0.20232066386410866,0.3071148783287322,0.2881465257348302,0.3876940915937379,0.08582586187072148,0.0805792132650057,0.39617880284948115,0.18642218772014335,0.3874034481537916,0.1645881112135859,0.10479421446462353,0.2097566151293378,0.021981279711237322,0.09954756585890773,0.22281533694020567,0.02218072442842984,Tunisia,0.0267,0.00471872028876268,0.004519275571570162
TUR,0.2925901317088709,0.37897314833074774,0.37965749521914616,0.47375540054396714,0.08706736351027533,0.09478225221321943,0.4087018980345684,0.197312485223635,0.3986230920493976,0.17218368645635573,0.08638301662187686,0.2113894128109334,0.01826045516053565,0.09409790532482099,0.22643940559304188,0.021307473749302794,Türkiye,0.0179,-0.00036045516053564985,-0.0034074737493027946
TUV,0.44835287548855385,0.7546501328609391,0.474036850921273,0.8308237378210809,0.025683975432719153,0.07617360496014172,0.40272337094750277,0.18003342770932199,0.3997604887125305,0.15916203469167073,0.3062972573723852,0.22268994323818078,0.06820931885826692,0.35678688689980786,0.24059845402085978,0.08584237340300913,Tuvalu,0.0995999999999999,0.031390681141732976,0.013757626596990771
TZA,0.04996757282377314,0.03684352172615887,0.052899467151812915,0.03727068527642754,0.0029318943280397724,0.0004271635502686572,0.3854087121470014,0.16367427017532693,0.3845525133740855,0.1633230433673958,-0.013124051097614269,0.22173444197167447,-0.0029100541465372416,-0.015628781875385377,0.22122947000668972,-0.003457547131141665,"Tanzania, United Republic of",-0.0032,-0.0002899458534627586,0.0002575471311416647
UGA,0.06817636418835303,0.04113045086555304,0.15972125598397513,0.18220989860643189,0.09154489179562207,0.14107944774087885,0.35576944099504965,0.17177488780132058,0.3603150576473842,0.14514088056723032,-0.027045913322799993,0.18399455319372907,-0.004976300737544909,0.022488642622456756,0.21517417708015388,0.0048389751699368065,Uganda,-0.0027999999999999,0.0021763007375450094,-0.007638975169936706
URY,0.2914394976334019,0.4341182319790671,0.36404442726237374,0.5803782172686245,0.07260492962897175,0.1462599852895574,0.43087689142590735,0.19701868501068467,0.4152082004105258,0.16417901740397495,0.14267873434566525,0.23385820641522267,0.03336659290767131,0.21633379000625075,0.25102918300655086,0.054306094561979865,Uruguay,0.0507,0.017333407092328695,-0.0036060945619798626
USA,0.5173211879312287,0.7088556855475903,0.5704668721064898,0.771083138804136,0.05314568417526115,0.06222745325654569,0.39993064846342224,0.20259577533396259,0.3966980672080026,0.17519915258181265,0.19153449761636154,0.19733487312945966,0.0377964357870395,0.2006162666976462,0.22149891462618995,0.044436285329886895,United States of America,0.0425999999999999,0.0048035642129604025,-0.0018362853298869927
VNM,0.11625028601117696,0.15367316247845927,0.2149816100615836,0.34923644382983554,0.09873132405040659,0.19556328135137627,0.4227472978022388,0.19454356887555657,0.39146975441935095,0.1605731933957474,0.03742287646728232,0.22820372892668223,0.00854003995699641,0.13425483376825195,0.23089656102360354,0.030998979417884934,Viet Nam,0.0305,0.021959960043003587,-0.0004989794178849351
VUT,0.16127139613785366,0.20288970942366352,0.21308129894645544,0.3325413388986997,0.05180990280860182,0.12965162947503614,0.3936214451734743,0.179358174235041,0.3835249010585538,0.15755232513028672,0.041618313285809866,0.2142632709384333,0.008917275935558078,0.11946003995224425,0.22597257592826708,0.026994692948502333,Vanuatu,0.0252,0.016282724064441922,-0.0017946929485023327
WSM,0.2012496668542154,0.3782139137108711,0.24940033758772837,0.5649361328874514,0.048150670733512986,0.18672221917658025,0.3955181212374109,0.1826740412974958,0.3867772128795273,0.15562704750890774,0.1769642468566557,0.21284407993991514,0.0376657923044649,0.315535795299723,0.23115016537061958,0.07293615126388094,Samoa,0.0815,0.0438342076955351,0.008563848736119067
ZMB,0.08218337365233574,0.07983310213001896,0.159217747048739,0.25947977250949955,0.0770343733964033,0.17964667037948057,0.3795302824181972,0.16998298302979198,0.36928920219537353,0.13996430216130834,-0.002350271522316788,0.20954729938840522,-0.0004924930503309589,0.10026202546076055,0.2293249000340652,0.022992578966001813,Zambia,0.0148999999999999,0.015392493050330858,-0.008092578966001913
ZWE,0.11014882756978368,0.11952618887435842,0.166610407201945,0.23788322032318132,0.05646157963216134,0.1183570314488229,0.37237973914115263,0.16831291604288795,0.368138351453641,0.14729095541696918,0.009377361304574741,0.20406682309826468,0.0019136083304691662,0.07127281312123632,0.2208473960366718,0.015740415186033377,Zimbabwe,0.0109999999999999,0.009086391669530734,-0.004740415186033476
