country_code,country_name,weighted_exposure,n_occupations,employment_coverage,nec_share,reliability,gni_ppp,gni_year,labsh,capital_share,labsh_year,wage_weighted_exposure,exposed_wage_bill,wage_data_year,quadrant,labor_dependence,wc_share,wc_exposure,bc_exposure,exposure_residual_wc,wc_avg_wage,bc_avg_wage,wage_ratio,wc_wage_bill_share,total_employment_k,is_microstate,has_occupation_gap,stale_wage_data,suspicious_wage_ratio,data_quality_flags
LUX,Luxembourg,0.3715,36,0.973,0.025,high,110650.0,2024.0,0.52887,0.47113,2026.0,0.3978,3767.7,2024.0,High Exposure + High Labor Share,0.1964752049999999,0.7433635057060991,0.43513647037988756,0.18709718294976976,0.008437219170408461,10928.328775108836,5251.543725178949,2.08097453758446,0.8577053615790928,315.2,False,False,False,False,0
SGP,Singapore,0.3676,37,0.955,0.045,high,126190.0,2024.0,0.43274,0.56726,2026.0,0.3883,1942.6,2021.0,High Exposure + Low Labor Share,0.159075224,0.737596734890414,0.42402531273193506,0.20895871923098736,0.005931302160810004,6028.418895088201,2127.45617954776,2.833627763073212,0.8888693534063448,2259.5,False,False,False,False,0
NLD,Netherlands,0.3391,38,0.988,0.01,high,84970.0,2024.0,0.60551,0.39449,2026.0,0.3582,2472.1,2024.0,High Exposure + High Labor Share,0.205328441,0.6354953530268044,0.41392687780549653,0.2085371594556806,0.0021137118319914383,8199.623694647025,4636.876163862034,1.768350804481609,0.7550838399706552,9744.5,False,False,False,False,0
CHE,Switzerland,0.3349,38,0.976,0.023,high,91110.0,2024.0,0.71065,0.28935,2026.0,0.3511,1654.2,2024.0,High Exposure + High Labor Share,0.2379966849999999,0.6536941661479805,0.4085415108571941,0.19582958097501493,-0.006485744402461746,5516.5854833198,3191.426016176495,1.728564427111168,0.7654165059209845,4757.2,False,False,False,False,0
SWE,Sweden,0.334,38,0.995,0.002,high,75000.0,2024.0,0.53418,0.46582,2026.0,0.3488,1590.6,2024.0,High Exposure + High Labor Share,0.17841612,0.6415312686297674,0.4089717481495615,0.19994219825171913,-0.004445435330698466,5183.772172864279,3445.0558226651146,1.504699035284161,0.7292082718737823,5275.5,False,False,False,False,0
ISR,Israel,0.3333,39,0.923,0.077,high,56790.0,2024.0,0.49088,0.50912,2026.0,0.3538,999.8,2021.0,High Exposure + High Labor Share,0.1636103039999999,0.6192095643277918,0.4111260517101757,0.20675201487787512,0.0002507056429497667,3490.5785570800645,1745.455900011746,1.9998090797118246,0.7648122590931837,4024.3,False,False,False,False,0
DEU,Germany,0.333,39,0.987,0.009,high,76180.0,2024.0,0.6292300000000001,0.3707699999999999,2026.0,0.3486,2154.4,2022.0,High Exposure + High Labor Share,0.20953359,0.6093726092591126,0.4154082486024094,0.20445760507508617,0.0023287317821698017,7322.886006742004,4397.375859822287,1.6652854429955295,0.7220538485900048,42265.9,False,False,False,False,0
IRL,Ireland,0.3307,38,0.991,0.007,high,101180.0,2024.0,0.29628,0.70372,2026.0,0.3537,1948.7,2024.0,High Exposure + Low Labor Share,0.097979796,0.596585968236293,0.4154757191042386,0.20541179260180795,0.0031198271844353753,6848.244893330031,3530.206280332419,1.939899357010144,0.741522343219726,2726.6,False,False,False,False,0
GBR,United Kingdom of Great Britain and Northern Ireland,0.3294,39,0.998,0.001,high,61460.0,2024.0,0.5771200000000001,0.4228799999999999,2026.0,0.3471,1415.3,2025.0,High Exposure + High Labor Share,0.190103328,0.6444655061600663,0.40327750981449695,0.1955752630906233,-0.009754770027971649,4802.5178431985,2762.3053270255477,1.7385905157594777,0.7591223369150543,34055.5,False,False,False,False,0
DNK,Denmark,0.3239,38,0.969,0.027,high,84680.0,2024.0,0.56081,0.4391899999999999,2026.0,0.341,1816.9,2024.0,High Exposure + High Labor Share,0.181646359,0.5725139837106736,0.41336714118617846,0.2041300863073999,0.002139088126989208,6307.789634895642,4014.8441161169203,1.5711169481211176,0.6778486096000088,2982.9,False,False,False,False,0
BEL,Belgium,0.3231,38,0.996,0.0,high,74770.0,2024.0,0.63366,0.36634,2026.0,0.3387,2771.7,2024.0,High Exposure + High Labor Share,0.204735546,0.5977152625253319,0.40939378958604633,0.19479320040326384,-0.004753173080327133,9478.939095814038,6257.504164234413,1.5148114722787016,0.6923748154852846,5043.8,False,False,False,False,0
USA,United States of America,0.3225,40,1.0,0.0,high,85980.0,2024.0,0.55783,0.4421699999999999,2026.0,0.3418,2175.1,2025.0,High Exposure + High Labor Share,0.179900175,0.6074466198564268,0.3999306484634223,0.2025957753339626,-0.007705671586406115,7778.106617070299,4175.2098104653405,1.8629259295123672,0.7424497044240249,163492.9,False,False,False,False,0
CYP,Cyprus,0.3219,37,0.986,0.0,high,56200.0,2024.0,0.48865,0.51135,2026.0,0.3473,1606.5,2024.0,High Exposure + High Labor Share,0.157296435,0.5302091450430658,0.43379755904340134,0.19566358885114457,0.01036603452093704,5920.553795049435,3164.037785211861,1.8712019883962925,0.6786478792965422,480.0,False,False,False,False,0
AUS,Australia,0.3217,38,0.997,0.003,high,69600.0,2024.0,0.58185,0.41815,2026.0,,,,High Exposure + High Labor Share,0.187181145,0.5830150080310116,0.4071422816623271,0.20234214866126168,-0.002599472855347562,,,,,14378.6,False,False,False,False,0
AUT,Austria,0.3211,38,0.997,0.0,high,74160.0,2024.0,0.61946,0.38054,2026.0,0.3346,2243.7,2024.0,High Exposure + High Labor Share,0.198908606,0.5608959570090347,0.41343915337484666,0.20315309455852196,0.002147677877553378,7898.808326262743,5180.247775427376,1.524793536658791,0.660754439194171,4488.4,False,False,False,False,0
NOR,Norway,0.3196,38,0.98,0.017,high,106830.0,2024.0,0.4576599999999999,0.54234,2026.0,0.3346,1865.3,2024.0,High Exposure + Low Labor Share,0.146268136,0.5886197663523515,0.39579597797968924,0.21052007443132978,-0.006054390276348465,6647.915181756665,4039.2492042806025,1.6458294216438847,0.7019303403726995,2849.6,False,False,False,False,0
FRA,France,0.3193,38,0.984,0.01,high,63880.0,2024.0,0.59944,0.40056,2026.0,0.3374,1049.4,2024.0,High Exposure + High Labor Share,0.1914011919999999,0.5859665577924683,0.4088713510549149,0.19254118816219556,-0.005712992682870288,3665.7621559193476,2324.5117305847425,1.5770030788346276,0.6905821333456136,28545.5,False,False,False,False,0
MNE,Montenegro,0.3181,37,0.993,0.0,high,33970.0,2024.0,0.51375,0.4862499999999999,2026.0,0.3387,525.5,2014.0,High Exposure + High Labor Share,0.163423875,0.4825531459933347,0.4188996253896201,0.2240265738406538,0.018086592522847167,2065.8662435636106,1147.8894984185497,1.799708287609356,0.6424250731308206,280.6,False,False,True,False,1
POL,Poland,0.3165,39,0.983,0.008,high,49540.0,2024.0,0.4962,0.5038,2026.0,0.3313,1018.4,2024.0,High Exposure + High Labor Share,0.1570473,0.5316104998438123,0.4172015863763552,0.20222485211064423,0.004627265224622201,3633.435419561988,2439.7961706489555,1.489237282717572,0.6282869868678205,17037.3,False,False,False,False,0
JPN,Japan,0.3161,22,0.984,0.016,high,55490.0,2024.0,0.54529,0.4547099999999999,2026.0,,,,High Exposure + High Labor Share,0.172366169,0.42462288049519814,0.4732799663603831,0.20012313624877243,0.03009089412275462,,,,,66094.6,False,True,False,False,1
GRC,Greece,0.3154,39,0.985,0.015,high,43340.0,2024.0,0.51286,0.48714,2026.0,0.3251,1154.7,2024.0,High Exposure + High Labor Share,0.161756044,0.4449932128087917,0.43177289768416893,0.22203454950847837,0.024466485871612043,4143.078385100252,3078.448508537654,1.345833257762796,0.5190138344193439,17093.2,False,False,False,False,0
PRT,Portugal,0.3139,39,0.992,0.003,high,50730.0,2024.0,0.57542,0.4245799999999999,2026.0,0.3314,688.1,2025.0,High Exposure + High Labor Share,0.180624338,0.5079735982307021,0.4223855559452707,0.20195587395355036,0.007741347427266065,2522.4110755327065,1615.4145321601832,1.5614636524036087,0.6171622575720918,5229.2,False,False,False,False,0
NIU,Niue,0.3137,31,0.971,0.0,medium,,,,,,,,,,,0.6091030789825962,0.3892404961704961,0.19607811800519293,-0.01690611085578153,,,,,0.7,True,False,False,False,1
ITA,Italy,0.313,39,0.99,0.0,high,61620.0,2024.0,0.58414,0.41586,2026.0,0.3319,1834.4,2024.0,High Exposure + High Labor Share,0.18283582,0.5004759524386825,0.42433377806371403,0.20145573490437185,0.008653859281956222,6884.471764627301,4167.236730323071,1.652047198214624,0.6233798807888252,23697.7,False,False,False,False,0
EST,Estonia,0.3115,38,0.997,0.0,high,48880.0,2024.0,0.5865,0.4135,2026.0,0.3395,1358.3,2024.0,High Exposure + High Labor Share,0.18269475,0.5343555632219618,0.41304354266309773,0.19497869722148387,-0.001036337731930792,5153.514170290474,2679.471764980697,1.9233321424186007,0.6881958736725717,701.5,False,False,False,False,0
HRV,Croatia,0.3107,39,0.986,0.005,high,49740.0,2024.0,0.6296,0.3703999999999999,2026.0,0.328,1350.4,2024.0,High Exposure + High Labor Share,0.19561672,0.5173177411212455,0.4074034507478416,0.2069889889519285,0.0022824557390169753,5068.416778756867,3097.6089097623685,1.6362352144531014,0.6368450297058518,1660.0,False,False,False,False,0
FIN,Finland,0.3089,39,0.983,0.013,high,65640.0,2024.0,0.5392199999999999,0.4607800000000001,2026.0,0.3272,1997.6,2024.0,High Exposure + High Labor Share,0.166565058,0.5352688174546709,0.40129753712032407,0.2025800306611501,-0.0038571115813560986,7285.136654567234,4744.935618577406,1.535349947856914,0.6387789304800304,2576.8,False,False,False,False,0
LTU,Lithuania,0.3088,40,0.996,0.0,high,53920.0,2024.0,0.56736,0.43264,2026.0,0.3352,1331.9,2024.0,High Exposure + High Labor Share,0.175200768,0.5250737341756951,0.41233551053967865,0.19439354052029328,-0.0014925100497172328,5001.435037749574,2836.3952700400678,1.7633067896347614,0.6609588372894486,1458.3,False,False,False,False,0
HUN,Hungary,0.3086,39,0.995,0.0,high,47290.0,2024.0,0.5103300000000001,0.4896699999999999,2026.0,0.3199,630.2,2024.0,High Exposure + High Labor Share,0.157487838,0.49246082172183564,0.41964670867038834,0.2007989298549537,0.006191470079286554,2214.9898652291467,1732.3618216349305,1.2785954051669945,0.5536929533779437,4691.8,False,False,False,False,0
BRN,Brunei Darussalam,0.3071,39,0.97,0.001,high,92750.0,2024.0,0.33039,0.66961,2026.0,0.3515,846.6,2014.0,High Exposure + Low Labor Share,0.101462769,0.5106144011980192,0.4097695763723252,0.1998806637009777,0.0003029488129626112,3755.5645649060875,1003.082633790446,3.744023112746524,0.7961859517622153,216.4,False,False,True,False,1
TUV,Tuvalu,0.3055,39,0.998,0.0,high,8320.0,2023.0,,,,,,,,,0.5634758995247787,0.40272337094750266,0.18003342770932193,-0.014076008079868418,,,,,2.9,True,False,False,False,1
LVA,Latvia,0.3042,39,0.987,0.004,high,42660.0,2024.0,0.66372,0.33628,2026.0,0.33,1317.7,2024.0,High Exposure + High Labor Share,0.201903624,0.515304051962701,0.40806792459207064,0.19382968898197123,-0.0037307467284284357,5149.941779061154,2762.4089141054237,1.8642937882094501,0.6646570939627965,872.3,False,False,False,False,0
SVN,Slovenia,0.3041,38,0.986,0.005,high,56520.0,2024.0,0.61729,0.38271,2026.0,0.3213,1627.5,2024.0,High Exposure + High Labor Share,0.187717889,0.49936383086532116,0.41166112759743617,0.1967497683035527,2.270814351745809e-05,6103.588201972858,4029.1143595766566,1.5148709262782425,0.6017556154825326,984.8,False,False,False,False,0
CZE,Czechia,0.3016,39,0.999,0.0,high,54800.0,2024.0,0.54042,0.45958,2026.0,0.3161,1124.7,2024.0,High Exposure + High Labor Share,0.162990672,0.4894722871783554,0.4087839882721124,0.198916217139233,-8.606923925869037e-05,4210.9267481429415,2931.8391842463866,1.4362748034644803,0.579308592310324,5187.7,False,False,False,False,0
ESP,Spain,0.3011,39,0.996,0.0,high,57670.0,2024.0,0.5982500000000001,0.4017499999999999,2026.0,0.3227,1654.7,2024.0,High Exposure + High Labor Share,0.180133075,0.4623406261179078,0.41319752559071227,0.20465987965813318,0.0059728505435135415,6619.38335469532,3846.592251275287,1.7208435213014197,0.5967379009624005,21558.1,False,False,False,False,0
RUS,Russian Federation,0.2982,40,1.0,0.0,high,46780.0,2024.0,0.48258,0.51742,2026.0,0.3109,646.0,2021.0,High Exposure + High Labor Share,0.143905356,0.5142888317400955,0.3859553435966437,0.20533211482911243,-0.00948532319954526,2458.3540544055913,1675.6551562266,1.4671002236173387,0.6083683265924062,73457.4,False,False,False,False,0
PLW,Palau,0.2949,39,0.999,0.0,high,18320.0,2023.0,,,,0.322,322.3,2023.0,,,0.440803382663847,0.4234659081382717,0.19352502167402755,0.004979352712418728,1309.3990062350117,757.7310289224953,1.7280525097368606,0.5766638200527052,9.5,True,False,False,False,1
ARG,Argentina,0.2937,38,0.912,0.088,high,29800.0,2024.0,0.50235,0.49765,2026.0,0.3261,415.3,2024.0,High Exposure + High Labor Share,0.1475401949999999,0.3801806856921887,0.43041195058782766,0.20983941050594004,0.018434533814915333,1831.101677317431,931.5808255238627,1.9655854083168083,0.5466164073310897,12165.0,False,False,False,False,0
BGR,Bulgaria,0.2924,39,0.992,0.0,high,39850.0,2024.0,0.50707,0.49293,2026.0,0.3193,840.3,2024.0,High Exposure + High Labor Share,0.148267268,0.40987808092858163,0.41458663968421366,0.20755184061766005,0.009955362857456462,3579.9123693166475,1972.958257887199,1.8144896654581548,0.5575771661628109,2909.6,False,False,False,False,0
WLF,Wallis and Futuna,0.2907,33,0.787,0.2,medium,,,,,,,,,,,0.4406576980568003,0.419760086650918,0.18901354456458674,0.0008145711109191489,,,,,3.3,True,False,False,False,1
MSR,Montserrat,0.2904,32,0.985,0.0,medium,,,,,,,,,,,0.47512234910277246,0.4103860134034105,0.18169856198212153,-0.007817055951948149,,,,,2.5,True,False,False,False,1
COK,Cook Islands,0.29,33,0.981,0.0,high,,,,,,,,,,,0.44234675588481215,0.39235162628628867,0.20888327659853648,-0.00029374870325343805,,,,,8.4,True,False,False,False,1
MUS,Mauritius,0.2894,39,0.999,0.001,high,35100.0,2024.0,0.41695,0.5830500000000001,2026.0,0.3215,514.3,2024.0,High Exposure + Low Labor Share,0.1206653299999999,0.39578020321469914,0.4335032598373225,0.195060253047046,0.010363442032066406,2267.271545361678,1162.4281810915147,1.950461613235082,0.5609422610141442,546.6,False,False,False,False,0
KOS,Kosovo,0.2879,40,1.0,0.0,high,18290.0,2024.0,,,,,,,,,0.4001793129482813,0.40128254347115133,0.21223297990142342,0.007799983079299244,,,,,423.8,False,False,False,False,0
BRB,Barbados,0.2864,38,0.914,0.086,high,23850.0,2024.0,0.55643,0.44357,2026.0,0.3164,357.9,2016.0,High Exposure + High Labor Share,0.159361552,0.4179971741434116,0.3973421677111058,0.20664693707846044,0.0019926197365588427,1661.687416951874,750.4658140078294,2.2142080104591386,0.6139375694844019,113.2,False,False,True,False,1
MKD,North Macedonia,0.2862,39,0.99,0.0,high,25610.0,2024.0,0.45176,0.5482400000000001,2026.0,0.3126,380.2,2014.0,High Exposure + Low Labor Share,0.129293712,0.4049138610061994,0.4061849428087069,0.20463094575565208,0.004955433880841409,1668.6049741341535,908.3599803055979,1.8369424130428862,0.5555375542931961,693.2,False,False,True,False,1
SRB,Serbia,0.2847,39,0.993,0.0,high,30770.0,2024.0,0.5339,0.4660999999999999,2026.0,0.3023,633.7,2024.0,High Exposure + High Labor Share,0.15200133,0.4048457970078571,0.41181293290705967,0.1981957045938907,0.0034718879528655155,2615.119842481285,1743.3205713360348,1.5000797245667365,0.5050508197442138,12183.7,False,False,False,False,0
BHS,Bahamas,0.2824,37,0.984,0.013,high,39550.0,2024.0,0.34423,0.65577,2026.0,0.2873,1125.2,2019.0,High Exposure + Low Labor Share,0.097210552,0.37127158933043525,0.41976599036153517,0.20128732147573147,0.009288255558804859,4363.518070174529,3652.282920883825,1.194737145149366,0.4136639055413705,208.0,False,False,False,False,0
BLR,Belarus,0.2821,38,1.0,0.0,high,32300.0,2024.0,0.54662,0.45338,2026.0,,,,High Exposure + High Labor Share,0.154201502,0.45921210937312607,0.38199480808623965,0.19729542047616694,-0.01227084889964375,,,,,4796.7,False,False,False,False,0
URY,Uruguay,0.2807,40,0.994,0.0,high,34170.0,2024.0,0.56283,0.4371699999999999,2026.0,0.3076,510.0,2024.0,High Exposure + High Labor Share,0.157986381,0.3577500157819042,0.4308768914259075,0.19701868501068465,0.010857016584680967,2377.7827209691236,1257.0144849713422,1.8916112339177484,0.5130684783476565,1726.7,False,False,False,False,0
ARE,United Arab Emirates,0.2806,40,0.982,0.014,high,81530.0,2024.0,0.3679099999999999,0.63209,2026.0,0.361,1131.1,2009.0,High Exposure + Low Labor Share,0.103235546,0.4381220003370528,0.4134646176972947,0.17702118439182868,-0.008672438851348607,5812.035559612504,1044.4651170056422,5.564604757959673,0.8126982035635478,7173.9,False,False,True,False,1
MDV,Maldives,0.2797,38,0.981,0.005,high,23400.0,2024.0,0.42696,0.57304,2026.0,0.2967,333.7,2019.0,High Exposure + Low Labor Share,0.119420712,0.454098005318445,0.4042858854833651,0.17607255648422926,-0.013434544267182436,1392.6951247817076,901.5442110227681,1.5447884948445814,0.5623636984605133,189.2,False,False,False,False,0
CHL,Chile,0.2786,40,0.989,0.008,high,34320.0,2024.0,0.5192,0.4808,2026.0,0.3098,617.6,2024.0,High Exposure + High Labor Share,0.14464912,0.3865519954647643,0.4006391621759211,0.20166117360484345,0.0017943070806799022,2933.809046572245,1401.1412236790754,2.0938710509628256,0.5688560550434772,9093.2,False,False,False,False,0
BRA,Brazil,0.2783,39,0.989,0.003,high,21590.0,2024.0,0.59586,0.40414,2026.0,0.3105,394.5,2025.0,High Exposure + High Labor Share,0.1658278379999999,0.3470285470073652,0.4177113092604182,0.2041458223337067,0.011048868719683913,2013.469182341595,875.835617886565,2.2989121945053985,0.5499106483290608,101317.1,False,False,False,False,0
CRI,Costa Rica,0.274,39,0.98,0.02,high,28840.0,2024.0,0.55446,0.44554,2026.0,0.3117,555.9,2025.0,High Exposure + High Labor Share,0.15192204,0.3440287650677477,0.4264919327246971,0.1940947673804129,0.007474048393126154,2810.730795651081,1244.5393474630275,2.2584507282800725,0.5422210649614431,2186.5,False,False,False,False,0
TKL,Tokelau,0.2727,21,0.927,0.0,medium,,,,,,,,,,,0.5651105651105648,0.35366319145049313,0.16756660360797945,-0.04727117888879684,,,,,0.4,True,True,False,False,2
ROU,Romania,0.2717,39,0.994,0.0,high,47920.0,2024.0,0.44488,0.5551200000000001,2026.0,0.2873,810.4,2024.0,High Exposure + Low Labor Share,0.120873896,0.3271711787450036,0.4137227715882026,0.20269730743473768,0.009249270922837782,3603.878459623314,2440.021435101413,1.4769863935533536,0.417996442654154,7807.8,False,False,False,False,0
SUR,Suriname,0.2703,40,0.978,0.013,high,20000.0,2024.0,0.498,0.502,2026.0,0.2959,257.0,2016.0,High Exposure + High Labor Share,0.1346094,0.37933582121748055,0.3974990521203474,0.19248661439430448,-0.004761225158168625,1166.4873982741221,686.382845165999,1.6994705017605907,0.5094859758439114,185.4,False,False,True,False,1
MHL,Marshall Islands,0.2682,40,0.99,0.01,high,9680.0,2024.0,,,,0.2887,220.2,2019.0,,,0.3901570341589761,0.392633441658821,0.18861445479337308,-0.009477189859977253,1023.4170829875519,595.9845063711176,1.7171873967312052,0.5234915760150541,12.4,True,False,False,False,1
JAM,Jamaica,0.2662,26,0.997,0.001,high,12690.0,2024.0,0.5354800000000001,0.4645199999999999,2026.0,0.3093,163.9,2014.0,High Exposure + High Labor Share,0.142544776,0.3130650883995044,0.42217189975932257,0.19513150348836222,0.007159335452928128,942.0669905304429,342.06414510404613,2.7540652945192283,0.5565691826505903,1124.3,False,True,True,False,2
TUR,Türkiye,0.2652,39,1.0,0.0,high,44600.0,2024.0,0.41096,0.58904,2026.0,0.2908,622.2,2024.0,High Exposure + Low Labor Share,0.108986592,0.3212189979415898,0.4087018980345684,0.19731248522363504,0.004188175689308515,3127.088432277997,1672.4849442991379,1.8697259087067102,0.4694422382213306,32620.3,False,False,False,False,0
CUB,Cuba,0.2645,39,0.947,0.053,high,,,0.41259,0.58741,2026.0,,,,High Exposure + Low Labor Share,0.109130055,0.3801112708032994,0.39625933171611416,0.18376441635208995,-0.010748685543201353,,,,,4585.2,False,False,False,False,0
DOM,Dominican Republic,0.264,39,0.992,0.0,high,26050.0,2024.0,0.48184,0.51816,2026.0,0.2861,346.6,2025.0,High Exposure + High Labor Share,0.12720576,0.2734456829517245,0.424145148730214,0.20372707186853367,0.014537094131033546,1797.8773120103008,991.0110184822081,1.8141849873312772,0.4057473430513869,5098.3,False,False,False,False,0
LBN,Lebanon,0.2639,39,0.949,0.006,high,12420.0,2023.0,0.43973,0.56027,2023.0,0.2991,466.5,2019.0,High Exposure + Low Labor Share,0.116044747,0.3350380438265401,0.3978461547198673,0.19639501907137752,-0.00045249752756160166,2365.3048579042847,1154.0875188466387,2.0495021558400537,0.5080271031718271,1513.6,False,False,False,False,0
MEX,Mexico,0.2638,40,0.975,0.024,high,25460.0,2024.0,0.37875,0.6212500000000001,2026.0,0.2864,266.3,2025.0,High Exposure + Low Labor Share,0.0999142499999999,0.2799800868412916,0.41293581262876944,0.20581827055981328,0.012757440351472471,1338.4354853504567,770.9205667365428,1.7361522614662044,0.4030220107783173,58954.0,False,False,False,False,0
MNG,Mongolia,0.263,38,0.995,0.001,high,17000.0,2024.0,0.32883,0.67117,2026.0,0.2754,360.1,2024.0,High Exposure + Low Labor Share,0.08648229,0.33223810599239084,0.382523323451963,0.203483813906624,-0.0006756289934155557,1609.1706166517693,1157.0474954161182,1.3907558877460344,0.4089682142155647,1363.8,False,False,False,False,0
BIH,Bosnia and Herzegovina,0.2628,39,0.994,0.0,high,24990.0,2024.0,0.56104,0.43896,2026.0,0.2723,613.4,2024.0,High Exposure + High Labor Share,0.147441312,0.32650762384616827,0.4040655602714404,0.19430442906665102,0.0005096814241789538,2618.3445553810866,2075.1898816976773,1.2617373371342115,0.37953231793061804,1345.8,False,False,False,False,0
COL,Colombia,0.2628,39,0.999,0.0,high,21890.0,2024.0,0.50576,0.49424,2026.0,0.2977,321.5,2025.0,High Exposure + High Labor Share,0.1329137279999999,0.29798197983714486,0.4203337100237755,0.1959115261883367,0.007405588401280749,1716.0346872524824,810.1475025847749,2.118175618362675,0.4734323212965578,23807.4,False,False,False,False,0
TON,Tonga,0.259,38,0.991,0.0,high,8400.0,2023.0,0.43758,0.5624199999999999,2026.0,0.2523,225.0,2023.0,High Exposure + Low Labor Share,0.11333322,0.35582784686661706,0.3976255384632398,0.18249472729328997,-0.01037831036429504,902.4184378105192,886.3152707958739,1.0181686670028662,0.35996561645584224,32.8,True,False,False,False,1
SOM,Somalia,0.2586,39,0.975,0.0,high,1630.0,2024.0,0.3750699999999999,0.62493,2026.0,,,,High Exposure + Low Labor Share,0.0969931019999999,0.367410316220123,0.378993260541821,0.18862088176469946,-0.013578304334690372,,,,,1010.5,False,False,False,False,0
FJI,Fiji,0.2585,31,1.0,0.0,high,14490.0,2024.0,0.42645,0.57355,2026.0,0.2837,392.9,2024.0,High Exposure + Low Labor Share,0.110237325,0.2934020812437304,0.42379869529126957,0.18986895782597354,0.004212751999576936,1953.564027433846,1148.902044292539,1.7003747509534592,0.41385072250139643,319.0,False,False,False,False,0
JOR,Jordan,0.2547,36,1.0,0.0,high,10570.0,2024.0,0.45854,0.54146,2026.0,0.2757,289.2,2023.0,High Exposure + Low Labor Share,0.1167901379999999,0.24858890215988771,0.4255593667885706,0.19820440432028355,0.01124607496373603,1458.2515710381115,913.2949028516803,1.596692992027935,0.3456495292318792,2753.7,False,False,False,False,0
EGY,Egypt,0.2543,40,0.916,0.084,high,18230.0,2024.0,0.3816299999999999,0.6183700000000001,2026.0,0.255,180.5,2024.0,High Exposure + Low Labor Share,0.097048509,0.27017454814224656,0.38936771564876976,0.20423934132658514,0.005627871767765746,769.1505274523493,685.5177561457923,1.121999423876003,0.29346281854384526,29927.6,False,False,False,False,0
IRN,Iran (Islamic Republic of),0.2538,40,0.98,0.02,high,19820.0,2024.0,0.34879,0.6512100000000001,2026.0,,,,High Exposure + Low Labor Share,0.088522902,0.25148686102814943,0.4090259936557254,0.20166400451761538,0.009645510420033615,,,,,24075.6,False,False,False,False,0
PSE,Palestine (State of),0.2534,39,0.954,0.0,high,4660.0,2024.0,0.42667,0.57333,2022.0,,,,Low Exposure + Low Labor Share,0.108118178,0.2851575867808541,0.3782371403685388,0.20354302415329098,0.0011058101360116868,,,,,686.7,False,False,False,False,0
PHL,Philippines,0.2523,40,0.998,0.0,high,13330.0,2024.0,0.45596,0.5440400000000001,2026.0,0.2841,225.7,2023.0,Low Exposure + Low Labor Share,0.115038708,0.21507104741517782,0.43201644664420474,0.2030511262233155,0.016948819579016755,1336.2104355140523,645.8108313086675,2.069043086202755,0.36180498361276053,46846.2,False,False,False,False,0
SLV,El Salvador,0.2511,39,0.994,0.0,high,12420.0,2024.0,0.5074799999999999,0.49252,2026.0,0.2768,266.8,2024.0,Low Exposure + High Labor Share,0.1274282279999999,0.2007110764772484,0.4152234473722891,0.20986981989733938,0.01922025825190074,1531.5153384678315,821.44049913996,1.8644263827645615,0.3188845694920184,2874.5,False,False,False,False,0
THA,Thailand,0.25,40,0.997,0.002,high,23960.0,2024.0,0.4709899999999999,0.52901,2026.0,0.2814,358.3,2024.0,Low Exposure + Low Labor Share,0.1177474999999999,0.1812935621957605,0.4255559166111427,0.21111637712797898,0.022814328337376455,2319.9690320971354,1041.3871442315549,2.2277680735237544,0.3303488359356206,39677.8,False,False,False,False,0
GUY,Guyana,0.247,40,0.97,0.022,high,52290.0,2024.0,0.55689,0.44311,2026.0,0.2561,190.2,2019.0,Low Exposure + High Labor Share,0.1375518299999999,0.24633454432697588,0.39636254520767356,0.19821747086262334,0.004091052735454126,937.8967707486348,678.6603141443344,1.381982637265522,0.31115204965236565,238.6,False,False,False,False,0
SWZ,Eswatini,0.2438,34,0.967,0.022,high,10760.0,2024.0,0.41093,0.58907,2026.0,0.289,241.5,2021.0,Low Exposure + Low Labor Share,0.100184734,0.23569518716577462,0.3798828282189925,0.2018456531057371,0.0034630548699755015,1723.398046511628,561.8819703968201,3.0671887287903297,0.48608712487429057,216.9,False,False,False,False,0
PER,Peru,0.2432,39,0.993,0.0,high,16780.0,2024.0,0.4364699999999999,0.5635300000000001,2026.0,0.2672,253.7,2025.0,Low Exposure + Low Labor Share,0.1061495039999999,0.22474257701523861,0.4088352515776811,0.19512107393800218,0.005510784075691805,1542.6349367496914,777.6266676038927,1.9837731922222073,0.36511330868535874,17717.4,False,False,False,False,0
IRQ,Iraq,0.2428,40,0.924,0.024,high,14530.0,2024.0,0.4120499999999999,0.58795,2026.0,,,,Low Exposure + Low Labor Share,0.10004574,0.2623091132590289,0.3758458676382702,0.19545072071082542,-0.003970705523882345,,,,,8019.5,False,False,False,False,0
BLZ,Belize,0.2425,39,0.988,0.007,high,13760.0,2024.0,0.46088,0.53912,2026.0,0.2764,242.8,2020.0,Low Exposure + Low Labor Share,0.1117634,0.20160485643512452,0.4255793765205588,0.19629063015468678,0.010404192194091083,1676.921804381684,676.9244515739979,2.4772658167133317,0.3848201555903444,143.3,False,False,False,False,0
BTN,Bhutan,0.2422,39,0.983,0.007,high,15320.0,2023.0,0.48229,0.51771,2026.0,0.2741,305.5,2024.0,Low Exposure + High Labor Share,0.116810638,0.2857393204401878,0.38128427740077836,0.18657704196271097,-0.010234820561018182,1781.0938578492442,847.8995835968917,2.1005952736686466,0.4566224958553065,365.2,False,False,False,False,0
IDN,Indonesia,0.2419,40,0.996,0.0,high,16010.0,2024.0,0.58175,0.41825,2026.0,0.2658,130.2,2023.0,Low Exposure + High Labor Share,0.140725325,0.1534518810359809,0.4101673960944012,0.21140677108886508,0.021444891310932246,823.9036130316844,429.15333857244474,1.9198350309293992,0.2581625460690302,138702.5,False,False,False,False,0
BOL,Bolivia (Plurinational State of),0.2413,38,0.999,0.0,high,12620.0,2024.0,0.5536,0.4464,2026.0,0.2526,312.8,2024.0,Low Exposure + High Labor Share,0.1335836799999999,0.1815533267035971,0.38153102250177034,0.21017254935447477,0.01405153179257529,1955.5721452109963,1079.16292390535,1.8121194695366623,0.28672127552451043,6816.8,False,False,False,False,0
NER,Niger,0.2412,38,0.978,0.017,high,2030.0,2024.0,0.27743,0.7225699999999999,2026.0,0.292,107.5,2022.0,Low Exposure + Low Labor Share,0.066916116,0.16720694025883992,0.36357483449041794,0.21665608642342044,0.017419686493983788,970.1559606563791,247.07231191008276,3.9266073691391563,0.4408342005696264,2078.9,False,False,False,False,0
KGZ,Kyrgyzstan,0.2401,40,1.0,0.0,high,7900.0,2024.0,0.32737,0.6726300000000001,2026.0,,,,Low Exposure + Low Labor Share,0.078601537,0.2339759851501624,0.3767316483304324,0.19832182849475677,0.00017866186453655009,,,,,2591.8,False,False,False,False,0
CIV,Côte d'Ivoire,0.2397,35,0.942,0.056,high,7360.0,2024.0,0.30955,0.69045,2026.0,0.2596,113.5,2022.0,Low Exposure + Low Labor Share,0.074199135,0.0812449673937601,0.3691415804168951,0.22825743891385894,0.03670048878746482,1151.6084023953788,374.1393845107943,3.0780197169062102,0.2139523297879296,8615.1,False,False,False,False,0
WSM,Samoa,0.2394,38,0.987,0.011,high,8620.0,2024.0,0.42042,0.57958,2026.0,0.2579,226.0,2022.0,Low Exposure + Low Labor Share,0.100648548,0.2663921927416888,0.395518121237411,0.18267404129749581,-0.008357766018769974,1270.8676540497997,733.0779844367075,1.733604992961733,0.3863213508335092,52.5,False,False,False,False,0
LKA,Sri Lanka,0.2373,40,0.979,0.016,high,15240.0,2024.0,0.2820499999999999,0.7179500000000001,2026.0,0.2663,144.9,2024.0,Low Exposure + Low Labor Share,0.066930465,0.2439120527127672,0.4034135585735094,0.1837600072924794,-0.005023324138242108,854.5204488769662,443.73193902600445,1.925758264669084,0.3831899758500006,7783.6,False,False,False,False,0
GEO,Georgia,0.237,40,0.994,0.0,high,26200.0,2024.0,0.52086,0.47914,2026.0,0.2613,254.3,2021.0,Low Exposure + High Labor Share,0.12344382,0.29095961428335476,0.3858807640172004,0.17593584358814693,-0.01669679595145035,1361.765122005056,813.5897018212972,1.6737737940347774,0.40717717242405543,1810.9,False,False,False,False,0
PNG,Papua New Guinea,0.2364,38,0.997,0.0,high,4580.0,2024.0,0.32758,0.67242,2026.0,,,,Low Exposure + Low Labor Share,0.077439912,0.1648740542285724,0.3792306219679538,0.2081712735832024,0.013183647996406533,,,,,3989.3,False,False,False,False,0
TUN,Tunisia,0.2364,39,1.0,0.0,high,14230.0,2024.0,0.49234,0.50766,2026.0,0.2633,220.3,2019.0,Low Exposure + High Labor Share,0.116389176,0.23843279206540569,0.3961788028494812,0.18642218772014338,-0.004598745043181307,1292.9657339044447,693.8810283105001,1.8633824548462279,0.3684440683856609,5440.7,False,False,False,False,0
TGO,Togo,0.2353,36,0.995,0.0,high,3380.0,2024.0,0.4209,0.5791,2026.0,0.2662,60.1,2022.0,Low Exposure + Low Labor Share,0.09903777,0.08036568627099551,0.3922789437255933,0.2216082637469891,0.032513049837002844,557.0337707729468,196.87410792818216,2.829390703708725,0.19824055219717723,3348.4,False,False,False,False,0
GTM,Guatemala,0.2337,40,0.999,0.001,high,14170.0,2024.0,0.43921,0.56079,2026.0,0.2703,262.0,2024.0,Low Exposure + Low Labor Share,0.102643377,0.15272951836486087,0.41730620494706017,0.20065663571725245,0.013419518245987555,1864.4201592649574,807.9207136586535,2.307677136809584,0.29377700918401967,7575.1,False,False,False,False,0
GMB,Gambia,0.2337,40,0.996,0.0,high,3430.0,2024.0,0.4178,0.5822,2026.0,0.2395,61.3,2018.0,Low Exposure + Low Labor Share,0.09763986,0.11725755987433259,0.3741238526499812,0.2150537147465453,0.02199465597009717,365.2771062237359,241.49115382412336,1.5125900077058938,0.16730663890814113,621.0,False,False,False,False,0
NPL,Nepal,0.2326,39,0.997,0.0,high,5830.0,2024.0,0.4874199999999999,0.51258,2026.0,0.2364,130.1,2017.0,Low Exposure + High Labor Share,0.1133738919999999,0.1624365027908997,0.3826947721054931,0.20351769753485296,0.00997291174662282,724.5792830000918,516.5896322451599,1.4026206446517018,0.21385088263226648,7374.1,False,False,True,False,1
PAN,Panama,0.2318,40,0.999,0.001,high,39260.0,2024.0,0.35591,0.64409,2026.0,0.2735,428.2,2024.0,Low Exposure + Low Labor Share,0.082499938,0.275467727346256,0.4085555945970485,0.16458612740424886,-0.018151723230770744,2633.4895999437313,1160.0967921020456,2.2700602379668346,0.46325400659072663,1922.5,False,False,False,False,0
HND,Honduras,0.2314,39,0.992,0.006,high,6900.0,2024.0,0.5740500000000001,0.4259499999999999,2026.0,0.2667,236.3,2025.0,Low Exposure + High Labor Share,0.13283517,0.16676082240396742,0.3977659306991833,0.19813142904656872,0.007727532866428577,1679.2334453339465,727.2612798046607,2.308982331336245,0.31605672714591665,4041.2,False,False,False,False,0
ALB,Albania,0.2302,40,0.992,0.004,high,26500.0,2024.0,0.4449,0.5550999999999999,2026.0,0.2557,269.4,2022.0,Low Exposure + Low Labor Share,0.10241598,0.22302469209911052,0.3765271173556841,0.18819147930510066,-0.007073927330815355,1676.0383105846797,875.0289909176996,1.9154088927121258,0.3547567674220758,1166.1,False,False,False,False,0
STP,Sao Tome and Principe,0.23,35,0.954,0.032,medium,6240.0,2024.0,0.4326,0.5674,2026.0,,,,Low Exposure + Low Labor Share,0.099498,0.14630024248658918,0.4028024596615507,0.20033422154609867,0.011273757945980373,,,,,27.2,True,False,False,False,1
MMR,Myanmar,0.2293,39,0.999,0.0,high,5890.0,2024.0,0.48213,0.51787,2026.0,0.2469,97.3,2020.0,Low Exposure + High Labor Share,0.110552409,0.08181235943568839,0.4526676727067623,0.20941423026262942,0.026163325092249112,613.0371498772039,374.6349553151229,1.6363586504135734,0.12724949835437002,22262.1,False,False,False,False,0
BWA,Botswana,0.2282,38,0.995,0.002,high,20570.0,2024.0,0.3974499999999999,0.60255,2026.0,0.3091,348.2,2024.0,Low Exposure + Low Labor Share,0.0906980899999999,0.2457323117470746,0.39597224571590506,0.173485139953493,-0.0145633610738094,2942.9223737358393,534.896170980106,5.501857245198513,0.6418910158112136,857.5,False,False,False,False,0
KIR,Kiribati,0.2273,36,0.996,0.0,high,6060.0,2024.0,,,,0.2414,131.7,2023.0,,,0.2245950284574589,0.3901822339361641,0.18013116997942888,-0.0103535469266606,767.8576721897336,481.2346421580928,1.595599329146967,0.3160818366960855,41.1,True,False,False,False,1
BEN,Benin,0.2272,40,0.998,0.0,high,4390.0,2024.0,0.40046,0.59954,2026.0,0.2508,60.3,2022.0,Low Exposure + Low Labor Share,0.090984512,0.0563913682385775,0.3867707238880779,0.21766821977911632,0.03020870047818422,712.5802693213705,212.39848585741228,3.354921606172565,0.16701013306687718,5435.2,False,False,False,False,0
GIN,Guinea,0.2271,40,0.99,0.0,high,4130.0,2024.0,0.35655,0.64345,2026.0,0.2554,130.0,2019.0,Low Exposure + Low Labor Share,0.080972505,0.08656428483183881,0.3763152576861778,0.21294690387970525,0.022814575024288658,624.6345116863725,497.9068824140996,1.2545207422276121,0.1062556238113064,3156.8,False,False,False,False,0
VNM,Viet Nam,0.2253,40,0.967,0.028,high,15850.0,2024.0,0.4765699999999999,0.5234300000000001,2026.0,0.2401,259.1,2024.0,Low Exposure + High Labor Share,0.1073712209999999,0.1348121300160646,0.4227472978022388,0.19454356887555657,0.009350941693844594,1555.3480669185233,1004.955053399326,1.5476792336706573,0.1943000241606801,53436.1,False,False,False,False,0
PAK,Pakistan,0.225,40,1.0,0.0,high,6100.0,2024.0,0.49603,0.50397,2026.0,0.2344,105.3,2025.0,Low Exposure + High Labor Share,0.11160675,0.1446574530241229,0.3875603599222523,0.19745475290185766,0.006670892654404376,552.3704278938961,431.74602791040456,1.279387399502662,0.1778836705599641,77608.6,False,False,False,False,0
MWI,Malawi,0.2225,40,0.996,0.004,high,1830.0,2024.0,0.3699,0.6301,2026.0,0.2826,59.6,2013.0,Low Exposure + Low Labor Share,0.08230275,0.20646606663511052,0.373513672354931,0.18326638445875745,-0.010770976833631402,513.8507735175913,132.12377053667936,3.889162195646992,0.5029583479838213,4979.6,False,False,True,False,1
ECU,Ecuador,0.2222,40,0.996,0.0,high,15410.0,2024.0,0.57585,0.42415,2026.0,0.2506,279.1,2025.0,Low Exposure + High Labor Share,0.12795387,0.1595662392150147,0.4010732417950371,0.188215410669829,0.0002667811159806355,1959.1791904525562,952.8482388566127,2.0561293084862164,0.2807723412303183,8295.9,False,False,False,False,0
TJK,Tajikistan,0.2216,38,0.995,0.001,high,7100.0,2024.0,0.19805,0.8019499999999999,2026.0,,,,Low Exposure + Low Labor Share,0.04388788,0.24615246795072127,0.3554354654976021,0.17791920766120783,-0.021264931369480294,,,,,2254.9,False,False,False,False,0
KHM,Cambodia,0.2208,40,0.994,0.0,high,7910.0,2024.0,0.46357,0.53643,2026.0,0.2366,165.2,2023.0,Low Exposure + Low Labor Share,0.1023562559999999,0.10223844442749282,0.4210568276861184,0.19797405654553973,0.012725438958449603,1079.059001232036,654.8796017244797,1.6477211969812073,0.15799753787528112,9701.4,False,False,False,False,0
CPV,Cabo Verde,0.2201,40,0.925,0.07,high,11000.0,2024.0,0.41928,0.58072,2026.0,0.2658,133.3,2015.0,Low Exposure + Low Labor Share,0.0922835279999999,0.1638203572887191,0.4008754220761584,0.18470935170482283,-0.0028616269541962835,1099.2811186518927,384.3388615387398,2.860187268731579,0.3591199332881198,132.2,False,False,True,False,1
GHA,Ghana,0.22,40,0.993,0.006,high,7720.0,2024.0,0.42351,0.57649,2026.0,0.2189,113.4,2024.0,Low Exposure + Low Labor Share,0.0931722,0.11152011887186382,0.37816518366363316,0.20019759916339608,0.009681648650336716,630.0948479836861,503.7921677494406,1.2507039376941282,0.13568509559150627,12026.4,False,False,False,False,0
FSM,Micronesia (Federated States of),0.2188,35,0.847,0.152,medium,4690.0,2024.0,,,,,,,,,0.26027669951229143,0.3921088616859339,0.1578353250240874,-0.02747938143205636,,,,,30.1,True,False,False,False,1
VUT,Vanuatu,0.2182,40,0.919,0.072,high,4140.0,2024.0,0.60602,0.39398,2026.0,0.2402,77.4,2010.0,Low Exposure + High Labor Share,0.132233564,0.1813745891875591,0.3936214451734741,0.17935817423504094,-0.00900525946221542,482.6222182307327,286.7194629477043,1.683255867142719,0.2716371402808396,69.7,False,False,True,False,1
BGD,Bangladesh,0.218,40,0.982,0.016,high,10060.0,2024.0,0.48484,0.5151600000000001,2026.0,0.2332,102.9,2024.0,Low Exposure + High Labor Share,0.10569512,0.0955669252013158,0.3926941084153766,0.19956407768612358,0.011538239565689529,755.2153450775385,407.9781918480466,1.8511169473461022,0.16359866372669768,67828.9,False,False,False,False,0
IND,India,0.2166,40,1.0,0.0,high,11000.0,2024.0,0.61918,0.38082,2026.0,0.253,201.0,2024.0,Low Exposure + High Labor Share,0.1341143879999999,0.13894169565593892,0.40256138501401695,0.18659787372167735,-0.00034735655664894227,1740.2213423106737,641.9036415233976,2.711032045527416,0.3043266829465347,482793.2,False,False,False,False,0
SDN,Sudan,0.2128,37,0.879,0.091,high,2050.0,2024.0,0.36307,0.63693,2022.0,0.2278,148.5,2022.0,Low Exposure + Low Labor Share,0.077261296,0.10370580463052481,0.36872985349936405,0.19477405614453927,0.004370713243622287,457.5042533114348,674.527920765896,0.6782584370888003,0.07276732558181552,7961.2,False,False,False,True,1
TLS,Timor-Leste,0.2076,39,0.881,0.112,medium,5040.0,2024.0,0.31131,0.68869,2026.0,0.2077,109.0,2021.0,Low Exposure + Low Labor Share,0.064627956,0.09537343847903683,0.39342730480894583,0.18795822986141225,0.0011850138449211456,658.8049661448315,510.45626532006696,1.2906198060508607,0.11977110385731589,354.3,False,False,False,False,0
AGO,Angola,0.2062,40,0.973,0.017,high,9460.0,2024.0,0.43973,0.56027,2026.0,0.246,54.9,2024.0,Low Exposure + Low Labor Share,0.090672326,0.0897045841767125,0.37470809510403535,0.18955424739816676,0.001155426093044476,616.7137344157697,184.38126407118938,3.344774413617521,0.2478992169345738,13086.2,False,False,False,False,0
LAO,Lao People's Democratic Republic,0.2054,24,0.981,0.0,high,9160.0,2024.0,0.48921,0.5107900000000001,2026.0,0.2017,134.9,2022.0,Low Exposure + High Labor Share,0.1004837339999999,0.09293008631878069,0.4298731950980168,0.18245230888248568,-0.00042432011423162996,688.426544695549,666.8351021290129,1.0323789831962966,0.09565125514549243,3442.6,False,True,False,False,1
SLE,Sierra Leone,0.2047,39,0.984,0.012,high,3490.0,2024.0,0.36782,0.63218,2026.0,,,,Low Exposure + Low Labor Share,0.0752927539999999,0.063015771759573,0.3662806573529462,0.1938127499536518,0.00610728981607539,,,,,3157.2,False,False,False,False,0
MLI,Mali,0.2001,40,0.998,0.0,high,3230.0,2024.0,0.37606,0.6239399999999999,2026.0,0.1918,131.8,2024.0,Low Exposure + Low Labor Share,0.075249606,0.0460898930314244,0.3812076028533556,0.19139674100023715,0.005599021633877543,868.7496237832962,678.1872622976995,1.2809878216231476,0.0582857504835493,6736.2,False,False,False,False,0
SLB,Solomon Islands,0.1992,39,0.882,0.118,medium,2680.0,2024.0,0.46912,0.53088,2026.0,,,,Low Exposure + Low Labor Share,0.093448704,0.1675415319925151,0.37145698618306183,0.1645778099360457,-0.0246611990933846,,,,,362.9,False,False,False,False,0
KEN,Kenya,0.1988,34,0.851,0.148,medium,6540.0,2024.0,0.3326599999999999,0.66734,2026.0,0.2951,74.2,2019.0,Low Exposure + Low Labor Share,0.0661328079999999,0.1345126597504563,0.4027866937963256,0.1670939381287722,-0.0170766631275088,1010.0227785070396,133.43541264868023,7.56937576358617,0.5405299218950476,14540.3,False,False,False,True,1
BFA,Burkina Faso,0.1977,38,0.997,0.0,high,2720.0,2024.0,0.43222,0.56778,2026.0,0.2261,85.3,2024.0,Low Exposure + Low Labor Share,0.085449894,0.127912396161986,0.3586611365525532,0.17404665805261152,-0.01658108815237258,777.3836428670928,318.68817129567066,2.4393238057959055,0.2635063038910239,7857.2,False,False,False,False,0
COD,"Congo, Democratic Republic of the",0.1969,37,0.984,0.016,high,1760.0,2024.0,0.37743,0.62257,2026.0,0.2506,37.5,2016.0,Low Exposure + Low Labor Share,0.074315967,0.1077202672158333,0.36021885143276644,0.17722652629588223,-0.012499759519151638,423.7885620077983,116.5717860301834,3.6354299478440577,0.30501812763259745,30581.6,False,False,True,False,1
ZWE,Zimbabwe,0.1918,38,0.988,0.011,high,5870.0,2024.0,0.60436,0.39564,2026.0,,,,Low Exposure + High Labor Share,0.115916248,0.1149302539627383,0.3723797391411522,0.16831291604288792,-0.019342731488410814,,,,,4921.8,False,False,False,False,0
AFG,Afghanistan,0.1893,29,0.939,0.033,medium,2210.0,2023.0,0.40749,0.59251,2026.0,0.1965,131.6,2020.0,Low Exposure + Low Labor Share,0.077137857,0.08697744309187,0.3621177957803402,0.17279825820505937,-0.01508530355959517,873.6326658195399,650.5916656576632,1.3428279394517164,0.11341393035908706,7211.3,False,True,False,False,1
ZMB,Zambia,0.1872,38,0.996,0.0,high,3850.0,2024.0,0.2586299999999999,0.7413700000000001,2026.0,0.2379,87.7,2024.0,Low Exposure + Low Labor Share,0.0484155359999999,0.0820856168026287,0.37953028241819686,0.16998298302979198,-0.016002733272029418,1095.651972403241,303.6515316417728,3.608254391075543,0.24395498367953447,7126.2,False,False,False,False,0
RWA,Rwanda,0.1862,39,1.0,0.0,high,3620.0,2024.0,0.3969,0.6031,2026.0,0.2399,46.1,2024.0,Low Exposure + Low Labor Share,0.07390278,0.0919553424714552,0.3847944372164841,0.1661361081625283,-0.019388681511452593,596.5867016466484,151.29506219569546,3.9432000819364617,0.28536600925820715,4852.1,False,False,False,False,0
UGA,Uganda,0.182,39,0.997,0.0,high,3190.0,2024.0,0.37293,0.62707,2026.0,0.2308,52.0,2021.0,Low Exposure + Low Labor Share,0.0678732599999999,0.0556226148720688,0.355769440995049,0.17177488780132058,-0.014805457908490582,1043.1110337535808,176.9938702501429,5.893486776007367,0.2576749729948871,17917.8,False,False,False,False,0
GNB,Guinea-Bissau,0.1788,40,0.99,0.0,high,3140.0,2024.0,0.37308,0.6269199999999999,2026.0,0.188,62.5,2022.0,Low Exposure + Low Labor Share,0.066706704,0.06739509856410601,0.3829360466187824,0.16404192946909932,-0.02085138672973144,544.8843886676359,317.0976740312226,1.7183487401234756,0.11046053641788375,704.2,False,False,False,False,0
ETH,Ethiopia,0.1767,40,0.985,0.013,high,3280.0,2024.0,0.38554,0.61446,2026.0,0.1896,40.4,2021.0,Low Exposure + Low Labor Share,0.0681249179999999,0.0500830836794607,0.39409637841865985,0.1652835644499067,-0.018766308762939443,515.3083261339411,197.22364574405398,2.6128120905070378,0.12107768466976121,36491.5,False,False,False,False,0
LSO,Lesotho,0.1748,38,0.996,0.0,high,3580.0,2024.0,0.54643,0.45357,2026.0,0.2173,75.8,2024.0,Low Exposure + High Labor Share,0.095515964,0.0960537928241224,0.3734641884010593,0.15365796257235037,-0.03177945782392855,961.5204403493018,283.7838060236282,3.388214619509488,0.2647239630251881,800.0,False,False,False,False,0
TZA,"Tanzania, United Republic of",0.1733,29,0.998,0.001,high,4130.0,2024.0,0.53929,0.4607099999999999,2026.0,0.2007,96.4,2024.0,Low Exposure + High Labor Share,0.093458957,0.043445210724010905,0.3854087121470013,0.16367427017532687,-0.020561641944124687,1898.4091523029415,416.28570903883474,4.560351487170177,0.17158467582541323,30978.0,False,True,False,False,1
MDG,Madagascar,0.1662,28,0.996,0.002,high,1830.0,2024.0,0.37748,0.62252,2026.0,,,,Low Exposure + Low Labor Share,0.0627371759999999,0.0507978525122849,0.38949354466767955,0.15430006799922294,-0.02943909993216698,359.1315374601886,146.67724699743374,2.448447491426342,0.22790890593316424,11830.4,False,True,False,False,1
MOZ,Mozambique,0.1618,39,0.999,0.0,high,1520.0,2024.0,0.61588,0.38412,2026.0,,,,Low Exposure + High Labor Share,0.099649384,0.0491935182512197,0.36953967703742674,0.1510844894561,-0.033451261542927324,,,,,12176.0,False,False,False,False,0
BDI,Burundi,0.144,38,0.999,0.0,high,1200.0,2024.0,0.38492,0.6150800000000001,2026.0,0.1841,14.5,2020.0,Low Exposure + Low Labor Share,0.0554284799999999,0.030918694014400096,0.3672784660026192,0.1368901825693873,-0.04683343006749671,401.70240493859427,68.19295174605092,5.890673370974252,0.15820868124068055,4951.0,False,False,False,False,0
